app_id,tag
4720,Action
4720,Atmospheric
4720,Beat 'em up
4720,Classic
4720,Crime
4720,Dark
4720,Detective
4720,Difficult
4720,First-Person
4720,FPS
4720,Gore
4720,Horror
4720,Mystery
4720,Psychological Horror
4720,Shooter
4720,Singleplayer
4720,Story Rich
4720,Survival
4720,Survival Horror
4720,Thriller
63610,1990's
63610,Adventure
63610,Atmospheric
63610,Beautiful
63610,Casual
63610,Classic
63610,Difficult
63610,Exploration
63610,First-Person
63610,FMV
63610,Great Soundtrack
63610,Mystery
63610,Nostalgia
63610,Point & Click
63610,Puzzle
63610,Sci-fi
63610,Singleplayer
63610,Steampunk
63610,Story Rich
63610,Surreal
210970,Adventure
210970,Atmospheric
210970,Beautiful
210970,Casual
210970,Colorful
210970,Difficult
210970,Exploration
210970,First-Person
210970,Great Soundtrack
210970,Indie
210970,Mystery
210970,Nonlinear
210970,Open World
210970,Philosophical
210970,Puzzle
210970,Relaxing
210970,Singleplayer
210970,Story Rich
210970,Surreal
210970,Walking Simulator
231160,2D
231160,Action
231160,Adventure
231160,Atmospheric
231160,Difficult
231160,Exploration
231160,Great Soundtrack
231160,Indie
231160,Metroidvania
231160,Mystery
231160,Philosophical
231160,Platformer
231160,Psychological Horror
231160,Puzzle
231160,Puzzle Platformer
231160,Sci-fi
231160,Side Scroller
231160,Singleplayer
231160,Space
231160,Story Rich
244430,Adventure
244430,Atmospheric
244430,Beautiful
244430,Casual
244430,Classic
244430,Difficult
244430,Exploration
244430,First-Person
244430,FMV
244430,Indie
244430,Mystery
244430,Nostalgia
244430,Point & Click
244430,Puzzle
244430,Relaxing
244430,Remake
244430,Singleplayer
244430,Story Rich
244430,Surreal
244430,Walking Simulator
250380,2D
250380,2D Platformer
250380,Adventure
250380,Atmospheric
250380,Cartoony
250380,Difficult
250380,Hand-drawn
250380,Horror
250380,Mystery
250380,Platformer
250380,Procedural Generation
250380,Psychological Horror
250380,Puzzle
250380,Side Scroller
250380,Singleplayer
250380,Story Rich
250380,Strategy
250380,Surreal
250380,Survival
250380,Tactical
257510,Action
257510,Adventure
257510,Artificial Intelligence
257510,Atmospheric
257510,Difficult
257510,Exploration
257510,First-Person
257510,Great Soundtrack
257510,Indie
257510,Multiple Endings
257510,Mystery
257510,Philosophical
257510,Post-apocalyptic
257510,Puzzle
257510,Robots
257510,Sci-fi
257510,Science
257510,Simulation
257510,Singleplayer
257510,Story Rich
318680,2D
318680,Adventure
318680,Atmospheric
318680,Casual
318680,Comedy
318680,Conspiracy
318680,Difficult
318680,Exploration
318680,Family Friendly
318680,Hidden Object
318680,Historical
318680,Indie
318680,Interactive Fiction
318680,Mystery
318680,Point & Click
318680,Puzzle
318680,Relaxing
318680,Singleplayer
318680,Story Rich
318680,Visual Novel
332800,Atmospheric
332800,Dark
332800,Difficult
332800,Fast-Paced
332800,First-Person
332800,Historical
332800,Horror
332800,Indie
332800,Jump Scare
332800,Mystery
332800,Perma Death
332800,Point & Click
332800,Psychological Horror
332800,Resource Management
332800,Robots
332800,Singleplayer
332800,Story Rich
332800,Strategy
332800,Survival
332800,Survival Horror
396870,Adventure
396870,Atmospheric
396870,Difficult
396870,Exploration
396870,First-Person
396870,Hidden Object
396870,Indie
396870,Logic
396870,Lore-Rich
396870,Multiple Endings
396870,Mystery
396870,Old School
396870,Point & Click
396870,Puzzle
396870,Sci-fi
396870,Science
396870,Singleplayer
396870,Solitaire
396870,Space
396870,Story Rich
400580,2D
400580,Choices Matter
400580,Detective
400580,Difficult
400580,Female Protagonist
400580,Gothic
400580,Indie
400580,Investigation
400580,LGBTQ+
400580,Management
400580,Mystery
400580,Noir
400580,Romance
400580,RPG
400580,Simulation
400580,Singleplayer
400580,Story Rich
400580,Strategy
400580,Turn-Based
400580,Visual Novel
421740,2D
421740,Adventure
421740,Atmospheric
421740,Difficult
421740,Female Protagonist
421740,Gothic
421740,Horror
421740,Indie
421740,Mystery
421740,Point & Click
421740,Puzzle
421740,Singleplayer
421740,Story Rich
421740,Supernatural
454250,3D
454250,Adventure
454250,Atmospheric
454250,Casual
454250,Difficult
454250,Exploration
454250,Female Protagonist
454250,First-Person
454250,Hidden Object
454250,Indie
454250,Investigation
454250,Logic
454250,Mystery
454250,Old School
454250,Point & Click
454250,Puzzle
454250,Retro
454250,Sci-fi
454250,Singleplayer
454250,Story Rich
476020,Action
476020,Adventure
476020,Anime
476020,Arcade
476020,Atmospheric
476020,Casual
476020,Character Action Game
476020,Dark
476020,Difficult
476020,Female Protagonist
476020,Horror
476020,Mystery
476020,Narration
476020,Psychological Horror
476020,Puzzle
476020,Puzzle Platformer
476020,Singleplayer
476020,Souls-like
476020,Story Rich
476020,Touch-Friendly
506610,Adventure
506610,Atmospheric
506610,Dark
506610,Difficult
506610,First-Person
506610,Funny
506610,Gore
506610,Horror
506610,Indie
506610,Lore-Rich
506610,Memes
506610,Mystery
506610,Psychological Horror
506610,Robots
506610,Simulation
506610,Singleplayer
506610,Story Rich
506610,Strategy
506610,Survival
506610,Survival Horror
550590,Adventure
550590,Atmospheric
550590,Casual
550590,Classic
550590,Colorful
550590,Difficult
550590,Education
550590,Family Friendly
550590,Fantasy
550590,Hidden Object
550590,Indie
550590,Mystery
550590,Puzzle
550590,Relaxing
550590,Remake
550590,Retro
550590,Sci-fi
550590,Singleplayer
550590,Story Rich
550590,Top-Down
589590,Adventure
589590,Blood
589590,Choices Matter
589590,Dark Comedy
589590,Dark Humor
589590,Difficult
589590,Early Access
589590,Funny
589590,Gore
589590,Horror
589590,Indie
589590,Memes
589590,Mystery
589590,Pixel Graphics
589590,Psychological Horror
589590,Puzzle
589590,Singleplayer
589590,Story Rich
589590,Strategy
589590,Violent
652510,2D
652510,Anime
652510,Casual
652510,Detective
652510,Difficult
652510,Exploration
652510,Hidden Object
652510,Indie
652510,Investigation
652510,JRPG
652510,Mystery
652510,Pixel Graphics
652510,Point & Click
652510,Puzzle
652510,RPG
652510,RPGMaker
652510,Singleplayer
652510,Story Rich
652510,Survival
652510,Visual Novel
653530,Adventure
653530,Atmospheric
653530,Detective
653530,Difficult
653530,First-Person
653530,Great Soundtrack
653530,Historical
653530,Horror
653530,Indie
653530,Multiple Endings
653530,Mystery
653530,Naval
653530,Noir
653530,Pirates
653530,Puzzle
653530,Retro
653530,Singleplayer
653530,Story Rich
653530,Violent
653530,Walking Simulator
703600,2D
703600,Atmospheric
703600,Casual
703600,Cinematic
703600,Dark
703600,Difficult
703600,Great Soundtrack
703600,Horror
703600,Minimalist
703600,Mystery
703600,Platformer
703600,Psychological Horror
703600,Puzzle
703600,Puzzle Platformer
703600,Short
703600,Side Scroller
703600,Singleplayer
703600,Story Rich
703600,Surreal
703600,Walking Simulator
740410,2D
740410,Atmospheric
740410,Casual
740410,Comedy
740410,Dark Humor
740410,Difficult
740410,Education
740410,Family Friendly
740410,Funny
740410,Great Soundtrack
740410,Indie
740410,Mystery
740410,Pixel Graphics
740410,Puzzle
740410,Singleplayer
740410,Story Rich
740410,Top-Down
763290,Adventure
763290,Atmospheric
763290,Beautiful
763290,Detective
763290,Difficult
763290,First-Person
763290,Hidden Object
763290,Indie
763290,Magic
763290,Mystery
763290,Puzzle
763290,Short
763290,Singleplayer
763290,Steampunk
763290,Story Rich
802900,Adventure
802900,Atmospheric
802900,Difficult
802900,Exploration
802900,First-Person
802900,Great Soundtrack
802900,Indie
802900,Multiple Endings
802900,Mystery
802900,Puzzle
802900,Robots
802900,Simulation
802900,Singleplayer
802900,Story Rich
900290,2D
900290,Adventure
900290,Atmospheric
900290,Casual
900290,Dark
900290,Difficult
900290,Exploration
900290,First-Person
900290,Horror
900290,Indie
900290,Mystery
900290,Narrative
900290,Point & Click
900290,Puzzle
900290,Realistic
900290,Retro
900290,Sci-fi
900290,Science
900290,Singleplayer
900290,Story Rich
922020,2D
922020,Action
922020,Adventure
922020,Atmospheric
922020,Casual
922020,Controller
922020,Dark
922020,Difficult
922020,Indie
922020,Mystery
922020,RPG
922020,Shooter
922020,Singleplayer
922020,Story Rich
922020,Survival
922020,Text-Based
922020,Top-Down Shooter
954080,3D
954080,Adventure
954080,Atmospheric
954080,Colorful
954080,Controller
954080,Difficult
954080,Exploration
954080,First-Person
954080,Indie
954080,Logic
954080,Multiple Endings
954080,Mystery
954080,Open World
954080,Puzzle
954080,Relaxing
954080,Sci-fi
954080,Singleplayer
954080,Story Rich
954080,Stylized
954080,Walking Simulator
963400,Action
963400,Atmospheric
963400,Co-op
963400,Difficult
963400,Early Access
963400,First-Person
963400,Free to Play
963400,Gore
963400,Great Soundtrack
963400,Horror
963400,Indie
963400,Multiplayer
963400,Mystery
963400,Psychological Horror
963400,Replay Value
963400,Sci-fi
963400,Singleplayer
963400,Story Rich
963400,Survival Horror
963400,VR
990360,3D
990360,Action
990360,Adventure
990360,Atmospheric
990360,Combat
990360,Dark
990360,Difficult
990360,Exploration
990360,Horror
990360,Immersive Sim
990360,Isometric
990360,Mystery
990360,Nonlinear
990360,Shooter
990360,Singleplayer
990360,Story Rich
990360,Survival
990360,Survival Horror
990360,Third Person
990360,Zombies
1044340,1990's
1044340,2D
1044340,Adventure
1044340,America
1044340,Atmospheric
1044340,Dark
1044340,Difficult
1044340,Exploration
1044340,First-Person
1044340,FMV
1044340,Horror
1044340,Mystery
1044340,Pixel Graphics
1044340,Point & Click
1044340,Psychological Horror
1044340,Puzzle
1044340,Realistic
1044340,Retro
1044340,Singleplayer
1044340,Story Rich
1045850,2D
1045850,Adventure
1045850,Cartoony
1045850,Casual
1045850,Crime
1045850,Detective
1045850,Difficult
1045850,Exploration
1045850,Female Protagonist
1045850,Hidden Object
1045850,Horror
1045850,Investigation
1045850,Military
1045850,Mystery
1045850,Noir
1045850,Pixel Graphics
1045850,Point & Click
1045850,Sci-fi
1045850,Story Rich
1045850,Third Person
1066010,2D
1066010,2D Platformer
1066010,Action
1066010,Action-Adventure
1066010,Adventure
1066010,Archery
1066010,Casual
1066010,Combat
1066010,Difficult
1066010,Early Access
1066010,Fantasy
1066010,Hack and Slash
1066010,Indie
1066010,Mystery
1066010,Mythology
1066010,Platformer
1066010,Side Scroller
1066010,Singleplayer
1066010,Story Rich
1066010,Tutorial
1092710,3D
1092710,3D Platformer
1092710,Action
1092710,Cartoony
1092710,Detective
1092710,Difficult
1092710,First-Person
1092710,Horror
1092710,Investigation
1092710,Mystery
1092710,Physics
1092710,Procedural Generation
1092710,Psychedelic
1092710,Puzzle
1092710,Sandbox
1092710,Stealth
1092710,Story Rich
1092710,Surreal
1092710,Survival Horror
1092710,Thriller
1120420,2D
1120420,Abstract
1120420,Action
1120420,Adventure
1120420,Atmospheric
1120420,Difficult
1120420,Hand-drawn
1120420,Indie
1120420,Linear
1120420,Logic
1120420,Minimalist
1120420,Mystery
1120420,Physics
1120420,Psychedelic
1120420,Puzzle
1120420,Puzzle Platformer
1120420,Singleplayer
1120420,Soundtrack
1120420,Story Rich
1120420,Surreal
1137330,Adventure
1137330,Atmospheric
1137330,Casual
1137330,Colorful
1137330,Difficult
1137330,Exploration
1137330,First-Person
1137330,Great Soundtrack
1137330,Indie
1137330,Mystery
1137330,Nonlinear
1137330,Open World
1137330,Philosophical
1137330,Puzzle
1137330,Relaxing
1137330,Sandbox
1137330,Singleplayer
1137330,Story Rich
1137330,Surreal
1137330,Walking Simulator
1150300,2D
1150300,Action
1150300,Action-Adventure
1150300,Adventure
1150300,Atmospheric
1150300,Casual
1150300,Difficult
1150300,Indie
1150300,Minimalist
1150300,Mystery
1150300,Physics
1150300,Platformer
1150300,Puzzle
1150300,Puzzle Platformer
1150300,Side Scroller
1150300,Singleplayer
1150300,Story Rich
1201090,3D
1201090,Action
1201090,Action-Adventure
1201090,Atmospheric
1201090,Difficult
1201090,Female Protagonist
1201090,Horror
1201090,Mystery
1201090,Pixel Graphics
1201090,Psychological
1201090,Psychological Horror
1201090,Puzzle
1201090,Retro
1201090,Shoot 'Em Up
1201090,Story Rich
1201090,Surreal
1201090,Survival
1201090,Survival Horror
1201090,Third Person
1201090,Zombies
1213000,Action
1213000,Anime
1213000,Card Battler
1213000,Card Game
1213000,Casual
1213000,Cats
1213000,Choices Matter
1213000,Cyberpunk
1213000,Deckbuilding
1213000,Detective
1213000,Difficult
1213000,Indie
1213000,Mystery
1213000,Rhythm
1213000,RPG
1213000,Singleplayer
1213000,Story Rich
1213000,Text-Based
1213000,Time Management
1213000,Visual Novel
1220370,3D
1220370,Adventure
1220370,Atmospheric
1220370,Beautiful
1220370,Casual
1220370,Colorful
1220370,Difficult
1220370,Female Protagonist
1220370,Futuristic
1220370,Great Soundtrack
1220370,Indie
1220370,Mystery
1220370,Platformer
1220370,Puzzle
1220370,Relaxing
1220370,Sci-fi
1220370,Singleplayer
1220370,Story Rich
1220370,Strategy
1220370,Walking Simulator
1266210,2D
1266210,2D Platformer
1266210,Action
1266210,Action-Adventure
1266210,Adventure
1266210,Atmospheric
1266210,Cute
1266210,Dark Fantasy
1266210,Difficult
1266210,Fast-Paced
1266210,Magic
1266210,Metroidvania
1266210,Mystery
1266210,Platformer
1266210,Puzzle
1266210,Puzzle Platformer
1266210,Rhythm
1266210,Side Scroller
1266210,Story Rich
1266210,Stylized
1283500,Action
1283500,Action-Adventure
1283500,Adventure
1283500,Atmospheric
1283500,Cyberpunk
1283500,Difficult
1283500,Exploration
1283500,First-Person
1283500,Great Soundtrack
1283500,Indie
1283500,Mystery
1283500,Nonlinear
1283500,Philosophical
1283500,Puzzle
1283500,Robots
1283500,Sci-fi
1283500,Simulation
1283500,Singleplayer
1283500,Story Rich
1283500,Strategy
1318000,2D
1318000,Action
1318000,Action RPG
1318000,Adventure
1318000,Dark
1318000,Dark Fantasy
1318000,Difficult
1318000,Fantasy
1318000,Fast-Paced
1318000,Gore
1318000,Horror
1318000,Indie
1318000,Multiple Endings
1318000,Mystery
1318000,Party-Based RPG
1318000,Psychological Horror
1318000,RPG
1318000,Singleplayer
1318000,Story Rich
1318000,Violent
1415950,2D Platformer
1415950,Action
1415950,Action-Adventure
1415950,Adventure
1415950,Atmospheric
1415950,Character Action Game
1415950,Colorful
1415950,Cute
1415950,Difficult
1415950,Funny
1415950,Indie
1415950,Mystery
1415950,Nature
1415950,Platformer
1415950,Precision Platformer
1415950,Sci-fi
1415950,Side Scroller
1415950,Singleplayer
1415950,Soundtrack
1415950,Story Rich
1417610,Adventure
1417610,Atmospheric
1417610,Casual
1417610,Detective
1417610,Difficult
1417610,Drama
1417610,Exploration
1417610,First-Person
1417610,Hidden Object
1417610,Indie
1417610,Investigation
1417610,Mystery
1417610,Narration
1417610,Point & Click
1417610,Puzzle
1417610,Sci-fi
1417610,Singleplayer
1417610,Story Rich
1417610,Stylized
1417610,Walking Simulator
1459630,Dark
1459630,Dark Humor
1459630,Difficult
1459630,Early Access
1459630,Gun Customization
1459630,Inventory Management
1459630,Investigation
1459630,Loot
1459630,Looter Shooter
1459630,Massively Multiplayer
1459630,Mystery
1459630,Post-apocalyptic
1459630,PvP
1459630,Realistic
1459630,RPG
1459630,Stealth
1459630,Story Rich
1459630,Survival
1459630,Third-Person Shooter
1459630,Violent
1528220,3D
1528220,Adventure
1528220,Atmospheric
1528220,Beautiful
1528220,Conspiracy
1528220,Controller
1528220,Difficult
1528220,Escape Room
1528220,Exploration
1528220,First-Person
1528220,Hidden Object
1528220,Indie
1528220,Investigation
1528220,Logic
1528220,Mystery
1528220,Puzzle
1528220,Realistic
1528220,Relaxing
1528220,Singleplayer
1528220,Story Rich
1529250,3D
1529250,America
1529250,Casual
1529250,Crime
1529250,Detective
1529250,Difficult
1529250,First-Person
1529250,Indie
1529250,Investigation
1529250,Logic
1529250,Multiple Endings
1529250,Mystery
1529250,Singleplayer
1529250,Story Rich
1529250,Stylized
1550840,2D
1550840,2D Platformer
1550840,Action
1550840,Action-Adventure
1550840,Atmospheric
1550840,Blood
1550840,Dark Humor
1550840,Difficult
1550840,Horror
1550840,Indie
1550840,Linear
1550840,Lore-Rich
1550840,Multiple Endings
1550840,Mystery
1550840,Pixel Graphics
1550840,Platformer
1550840,Puzzle Platformer
1550840,Sci-fi
1550840,Singleplayer
1550840,Story Rich
1572420,1980s
1572420,Action
1572420,Action-Adventure
1572420,Adventure
1572420,Atmospheric
1572420,Dark
1572420,Difficult
1572420,First-Person
1572420,Horror
1572420,Indie
1572420,Lore-Rich
1572420,Mystery
1572420,Physics
1572420,Psychological Horror
1572420,Simulation
1572420,Singleplayer
1572420,Story Rich
1572420,Supernatural
1572420,Survival
1572420,Survival Horror
1582180,Action-Adventure
1582180,Adventure
1582180,Atmospheric
1582180,Dark
1582180,Difficult
1582180,First-Person
1582180,Funny
1582180,Gore
1582180,Horror
1582180,Indie
1582180,Lore-Rich
1582180,Memes
1582180,Mystery
1582180,Psychological Horror
1582180,Simulation
1582180,Singleplayer
1582180,Story Rich
1582180,Strategy
1582180,Survival
1582180,Survival Horror
1605680,1980s
1605680,2.5D
1605680,2D
1605680,Adventure
1605680,America
1605680,Detective
1605680,Difficult
1605680,Indie
1605680,Interactive Fiction
1605680,Inventory Management
1605680,Investigation
1605680,Mystery
1605680,Point & Click
1605680,Roguelite
1605680,RPG
1605680,Singleplayer
1605680,Story Rich
1605680,Supernatural
1605680,Survival
1605680,Turn-Based Combat
1609600,3D
1609600,Action
1609600,Action-Adventure
1609600,Adventure
1609600,Aliens
1609600,Atmospheric
1609600,Colorful
1609600,Cute
1609600,Difficult
1609600,Emotional
1609600,Exploration
1609600,Family Friendly
1609600,Hidden Object
1609600,Indie
1609600,Mystery
1609600,Open World
1609600,Singleplayer
1609600,Story Rich
1609600,Vampire
1609600,Zombies
1636350,3D
1636350,Adventure
1636350,Atmospheric
1636350,Casual
1636350,Colorful
1636350,Dark Humor
1636350,Detective
1636350,Difficult
1636350,Exploration
1636350,First-Person
1636350,Hidden Object
1636350,Indie
1636350,Investigation
1636350,Lore-Rich
1636350,Mystery
1636350,Point & Click
1636350,Puzzle
1636350,Relaxing
1636350,Singleplayer
1636350,Story Rich
1644000,Adventure
1644000,Atmospheric
1644000,Choose Your Own Adventure
1644000,Dark
1644000,Difficult
1644000,Emotional
1644000,Female Protagonist
1644000,First-Person
1644000,Horror
1644000,Lore-Rich
1644000,Multiple Endings
1644000,Mystery
1644000,Narration
1644000,Point & Click
1644000,Psychological Horror
1644000,Singleplayer
1644000,Story Rich
1644000,Stylized
1644000,Survival
1644000,Survival Horror
1665170,2D
1665170,Action
1665170,Action-Adventure
1665170,Adventure
1665170,Atmospheric
1665170,Dark
1665170,Detective
1665170,Difficult
1665170,Drama
1665170,Hand-drawn
1665170,Indie
1665170,Linear
1665170,Mystery
1665170,Platformer
1665170,Psychological Horror
1665170,Side Scroller
1665170,Singleplayer
1665170,Souls-like
1665170,Story Rich
1665170,Violent
1735410,2D
1735410,Atmospheric
1735410,Capitalism
1735410,Casual
1735410,Choices Matter
1735410,Dark
1735410,Difficult
1735410,Horror
1735410,Lovecraftian
1735410,Mystery
1735410,Physics
1735410,Point & Click
1735410,Puzzle
1735410,Resource Management
1735410,RPG
1735410,Simulation
1735410,Singleplayer
1735410,Story Rich
1735410,Strategy
1735410,Visual Novel
1742370,2D
1742370,2D Platformer
1742370,Adventure
1742370,Colorful
1742370,Conspiracy
1742370,Dark
1742370,Difficult
1742370,Fast-Paced
1742370,Gore
1742370,Hack and Slash
1742370,Mystery
1742370,Nonlinear
1742370,Perma Death
1742370,Pixel Graphics
1742370,Platformer
1742370,Precision Platformer
1742370,Retro
1742370,Singleplayer
1742370,Story Rich
1742370,Violent
1745050,2D
1745050,Action
1745050,Adventure
1745050,Dark Fantasy
1745050,Difficult
1745050,Drama
1745050,Hack and Slash
1745050,Horror
1745050,Indie
1745050,Lore-Rich
1745050,Metroidvania
1745050,Mystery
1745050,Mythology
1745050,Pixel Graphics
1745050,Platformer
1745050,Side Scroller
1745050,Singleplayer
1745050,Souls-like
1745050,Story Rich
1745050,Surreal
1780420,Adventure
1780420,Atmospheric
1780420,Conspiracy
1780420,Dark
1780420,Difficult
1780420,Exploration
1780420,First-Person
1780420,Interactive Fiction
1780420,Mystery
1780420,Narrative
1780420,Open World
1780420,Post-apocalyptic
1780420,Psychological
1780420,Psychological Horror
1780420,Puzzle
1780420,Singleplayer
1780420,Story Rich
1780420,Stylized
1780420,Survival
1780420,Walking Simulator
1799900,2D
1799900,Action
1799900,Adventure
1799900,Anime
1799900,Controller
1799900,Cute
1799900,Difficult
1799900,Fantasy
1799900,Female Protagonist
1799900,Magic
1799900,Metroidvania
1799900,Mystery
1799900,Old School
1799900,Pixel Graphics
1799900,Platformer
1799900,RPG
1799900,Side Scroller
1799900,Singleplayer
1799900,Soundtrack
1799900,Story Rich
1808440,2D
1808440,2D Platformer
1808440,Action
1808440,Action-Adventure
1808440,Adventure
1808440,Atmospheric
1808440,Dark
1808440,Dark Fantasy
1808440,Difficult
1808440,Exploration
1808440,Idler
1808440,Medieval
1808440,Mystery
1808440,Physics
1808440,Platformer
1808440,Puzzle
1808440,Puzzle Platformer
1808440,Side Scroller
1808440,Singleplayer
1808440,Story Rich
1809420,Action
1809420,Action-Adventure
1809420,Cinematic
1809420,Combat
1809420,Conspiracy
1809420,Detective
1809420,Difficult
1809420,Modern
1809420,Mystery
1809420,Shooter
1809420,Singleplayer
1809420,Stealth
1809420,Story Rich
1809420,Superhero
1809420,Supernatural
1809420,Tactical
1809420,Third Person
1809420,Third-Person Shooter
1809420,Thriller
1809420,Transhumanism
1839980,3D
1839980,Adventure
1839980,Atmospheric
1839980,Detective
1839980,Difficult
1839980,Dynamic Narration
1839980,Exploration
1839980,First-Person
1839980,Hand-drawn
1839980,Hidden Object
1839980,Mystery
1839980,Narration
1839980,Noir
1839980,Point & Click
1839980,Psychological Horror
1839980,Puzzle
1839980,Singleplayer
1839980,Story Rich
1839980,Surreal
1839980,Thriller
1859720,Action-Adventure
1859720,Adventure
1859720,Atmospheric
1859720,Casual
1859720,Difficult
1859720,Exploration
1859720,Female Protagonist
1859720,First-Person
1859720,Horror
1859720,Lore-Rich
1859720,Mystery
1859720,Psychological Horror
1859720,Puzzle
1859720,Singleplayer
1859720,Story Rich
1859720,Surreal
1859720,Survival
1859720,Survival Horror
1859720,Thriller
1859720,Vampire
1931770,Action-Adventure
1931770,Adventure
1931770,Atmospheric
1931770,Colorful
1931770,Detective
1931770,Difficult
1931770,Exploration
1931770,Great Soundtrack
1931770,Indie
1931770,Mystery
1931770,Mythology
1931770,Point & Click
1931770,Puzzle
1931770,Puzzle Platformer
1931770,Relaxing
1931770,Singleplayer
1931770,Stealth
1931770,Story Rich
1931770,Stylized
1931770,Word Game
1946980,2D
1946980,Action
1946980,Atmospheric
1946980,Cartoon
1946980,Cartoony
1946980,Dark
1946980,Difficult
1946980,Family Friendly
1946980,First-Person
1946980,Hand-drawn
1946980,Horror
1946980,Illuminati
1946980,Indie
1946980,Lore-Rich
1946980,Mystery
1946980,Point & Click
1946980,Psychological Horror
1946980,Singleplayer
1946980,Story Rich
1946980,Survival Horror
2085890,2D
2085890,Adventure
2085890,Atmospheric
2085890,Casual
2085890,Comedy
2085890,Dark Humor
2085890,Difficult
2085890,Funny
2085890,Indie
2085890,Logic
2085890,Minimalist
2085890,Mystery
2085890,Old School
2085890,Pixel Graphics
2085890,Puzzle
2085890,RPG
2085890,Satire
2085890,Singleplayer
2085890,Story Rich
2085890,Strategy
2117290,3D
2117290,Adventure
2117290,Atmospheric
2117290,Conspiracy
2117290,Controller
2117290,Difficult
2117290,Escape Room
2117290,Exploration
2117290,First-Person
2117290,Hidden Object
2117290,Indie
2117290,Investigation
2117290,Logic
2117290,Mystery
2117290,Puzzle
2117290,Realistic
2117290,Relaxing
2117290,Singleplayer
2117290,Story Rich
2121980,2D
2121980,Adventure
2121980,Difficult
2121980,Female Protagonist
2121980,Great Soundtrack
2121980,Indie
2121980,Mystery
2121980,Pixel Graphics
2121980,Puzzle
2121980,Retro
2121980,Singleplayer
2121980,Sokoban
2121980,Story Rich
2145220,Action
2145220,Action-Adventure
2145220,Adventure
2145220,Atmospheric
2145220,Cinematic
2145220,Dark
2145220,Difficult
2145220,First-Person
2145220,Gore
2145220,Hidden Object
2145220,Horror
2145220,Indie
2145220,Mystery
2145220,Puzzle
2145220,Realistic
2145220,Singleplayer
2145220,Story Rich
2145220,Survival
2145220,Survival Horror
2145220,Thriller
2183320,1980s
2183320,2D
2183320,Adventure
2183320,Atmospheric
2183320,Choices Matter
2183320,Crime
2183320,Dark
2183320,Detective
2183320,Difficult
2183320,Immersive Sim
2183320,Indie
2183320,Investigation
2183320,Multiple Endings
2183320,Mystery
2183320,Pixel Graphics
2183320,Point & Click
2183320,Singleplayer
2183320,Story Rich
2183320,Text-Based
2183320,Visual Novel
2200230,2D
2200230,Adventure
2200230,Casual
2200230,Difficult
2200230,Fantasy
2200230,Funny
2200230,Linear
2200230,Logic
2200230,Mystery
2200230,Pixel Graphics
2200230,Puzzle
2200230,Retro
2200230,Singleplayer
2200230,Sokoban
2200230,Story Rich
2200230,Strategy
2200230,Top-Down
2200230,Turn-Based
2200230,Turn-Based Combat
2200230,Turn-Based Strategy
2203270,Action
2203270,Adventure
2203270,Dark Fantasy
2203270,Demons
2203270,Difficult
2203270,Exploration
2203270,First-Person
2203270,Gore
2203270,Horror
2203270,Lovecraftian
2203270,Mystery
2203270,Psychological Horror
2203270,Puzzle
2203270,Singleplayer
2203270,Story Rich
2203270,Supernatural
2203270,Survival
2203270,Survival Horror
2203270,Violent
2203270,Zombies
2233660,3D
2233660,Action
2233660,Action-Adventure
2233660,Adventure
2233660,Atmospheric
2233660,Cinematic
2233660,Conspiracy
2233660,Dark
2233660,Difficult
2233660,Exploration
2233660,First-Person
2233660,Horror
2233660,Indie
2233660,Mystery
2233660,Psychological Horror
2233660,Realistic
2233660,Singleplayer
2233660,Story Rich
2233660,Survival Horror
2233660,Walking Simulator
2279870,Action RPG
2279870,Anime
2279870,Cinematic
2279870,Difficult
2279870,Drama
2279870,Dungeon Crawler
2279870,Fantasy
2279870,Hack and Slash
2279870,Lore-Rich
2279870,Metroidvania
2279870,Mystery
2279870,Old School
2279870,Pixel Graphics
2279870,Platformer
2279870,Retro
2279870,Sci-fi
2279870,Story Rich
2279870,Top-Down
2279870,Transhumanism
2279870,Vampire
2280360,2D
2280360,Action
2280360,Adventure
2280360,Atmospheric
2280360,Cats
2280360,Conversation
2280360,Dark Humor
2280360,Difficult
2280360,Exploration
2280360,Indie
2280360,Mystery
2280360,Narration
2280360,Pixel Graphics
2280360,Point & Click
2280360,Psychological Horror
2280360,Retro
2280360,Singleplayer
2280360,Story Rich
2280360,Violent
2280360,Visual Novel
2294600,3D
2294600,Action
2294600,Action-Adventure
2294600,Comedy
2294600,Dark Comedy
2294600,Dark Humor
2294600,Demons
2294600,Difficult
2294600,Exploration
2294600,First-Person
2294600,Horror
2294600,Investigation
2294600,Lore-Rich
2294600,Mystery
2294600,Psychological Horror
2294600,Silent Protagonist
2294600,Stealth
2294600,Story Rich
2294600,Surreal
2294600,Thriller
2305110,3D
2305110,Adventure
2305110,Aliens
2305110,Artificial Intelligence
2305110,Atmospheric
2305110,Colorful
2305110,Difficult
2305110,Exploration
2305110,First-Person
2305110,Futuristic
2305110,Interactive Fiction
2305110,Logic
2305110,Minimalist
2305110,Mystery
2305110,Puzzle
2305110,Realistic
2305110,Sci-fi
2305110,Singleplayer
2305110,Space
2305110,Story Rich
2502120,Adventure
2502120,Atmospheric
2502120,Casual
2502120,Colorful
2502120,Difficult
2502120,Exploration
2502120,Grid-Based Movement
2502120,LGBTQ+
2502120,Metroidvania
2502120,Minimalist
2502120,Mystery
2502120,Nonlinear
2502120,Open World
2502120,Philosophical
2502120,Puzzle
2502120,Science
2502120,Singleplayer
2502120,Sokoban
2502120,Story Rich
2502120,Stylized
2504640,1990's
2504640,Action
2504640,Atmospheric
2504640,Cinematic
2504640,Combat
2504640,Dark
2504640,Difficult
2504640,Early Access
2504640,Exploration
2504640,Horror
2504640,Indie
2504640,Mystery
2504640,Old School
2504640,Psychological Horror
2504640,Puzzle
2504640,Singleplayer
2504640,Story Rich
2504640,Survival Horror
2504640,Third-Person Shooter
2504640,Violent
2511940,3D
2511940,Action-Adventure
2511940,Atmospheric
2511940,Difficult
2511940,Emotional
2511940,First-Person
2511940,FPS
2511940,Horror
2511940,Immersive
2511940,Inventory Management
2511940,Multiple Endings
2511940,Mystery
2511940,Psychological Horror
2511940,Realistic
2511940,Sci-fi
2511940,Singleplayer
2511940,Story Rich
2511940,Survival
2511940,Survival Horror
2511940,Thriller
2523820,2D
2523820,Adventure
2523820,Arcade
2523820,Atmospheric
2523820,Choose Your Own Adventure
2523820,Dark
2523820,Difficult
2523820,First-Person
2523820,Horror
2523820,Indie
2523820,Mystery
2523820,Pixel Graphics
2523820,Point & Click
2523820,Psychological Horror
2523820,Resource Management
2523820,Simulation
2523820,Singleplayer
2523820,Stealth
2523820,Story Rich
2523820,Survival Horror
2666390,Action-Adventure
2666390,Atmospheric
2666390,Combat
2666390,Controller
2666390,Dark
2666390,Demons
2666390,Difficult
2666390,Exploration
2666390,First-Person
2666390,Horror
2666390,Indie
2666390,Investigation
2666390,Mystery
2666390,Psychological
2666390,Psychological Horror
2666390,Realistic
2666390,Singleplayer
2666390,Story Rich
2666390,Supernatural
2666390,Thriller
2672070,2D
2672070,Adventure
2672070,Atmospheric
2672070,Colorful
2672070,Difficult
2672070,Early Access
2672070,Exploration
2672070,Female Protagonist
2672070,JRPG
2672070,Lore-Rich
2672070,Magic
2672070,Multiple Endings
2672070,Mystery
2672070,Nature
2672070,Pixel Graphics
2672070,Puzzle
2672070,Singleplayer
2672070,Spelling
2672070,Story Rich
2672070,Word Game
2843530,1990's
2843530,2D
2843530,Adventure
2843530,Atmospheric
2843530,Clicker
2843530,Detective
2843530,Difficult
2843530,Exploration
2843530,Indie
2843530,Investigation
2843530,Logic
2843530,Mystery
2843530,Point & Click
2843530,Puzzle
2843530,Retro
2843530,Simulation
2843530,Singleplayer
2843530,Story Rich
2843530,Stylized
2893840,2D
2893840,2D Platformer
2893840,Action
2893840,Action-Adventure
2893840,Cats
2893840,Choices Matter
2893840,Cute
2893840,Dark Fantasy
2893840,Difficult
2893840,Exploration
2893840,Hack and Slash
2893840,Multiple Endings
2893840,Mystery
2893840,Nature
2893840,Pixel Graphics
2893840,Platformer
2893840,Sci-fi
2893840,Side Scroller
2893840,Souls-like
2893840,Story Rich
2926350,Action
2926350,Adventure
2926350,Atmospheric
2926350,Dark
2926350,Difficult
2926350,Exploration
2926350,First-Person
2926350,Hidden Object
2926350,Horror
2926350,Indie
2926350,Mystery
2926350,Psychological Horror
2926350,Puzzle
2926350,Singleplayer
2926350,Stealth
2926350,Story Rich
2926350,Survival
2926350,Survival Horror
2926350,Walking Simulator
3107360,2D
3107360,Casual
3107360,Cozy
3107360,Cute
3107360,Difficult
3107360,Indie
3107360,Logic
3107360,Lore-Rich
3107360,Mystery
3107360,Pixel Graphics
3107360,Puzzle
3107360,Relaxing
3107360,RPG
3107360,Singleplayer
3107360,Sokoban
3107360,Story Rich
3107360,Supernatural
3107360,Visual Novel
3154470,2D
3154470,2D Platformer
3154470,Adventure
3154470,Choices Matter
3154470,Difficult
3154470,Female Protagonist
3154470,Funny
3154470,Indie
3154470,Linear
3154470,Multiple Endings
3154470,Mystery
3154470,Old School
3154470,Pixel Graphics
3154470,Platformer
3154470,Precision Platformer
3154470,Puzzle Platformer
3154470,Retro
3154470,Singleplayer
3154470,Story Rich
3182200,1990's
3182200,3D
3182200,Action
3182200,Action-Adventure
3182200,Atmospheric
3182200,Difficult
3182200,Exploration
3182200,First-Person
3182200,Horror
3182200,Multiple Endings
3182200,Mystery
3182200,Pixel Graphics
3182200,Psychological
3182200,Psychological Horror
3182200,Puzzle
3182200,Sci-fi
3182200,Singleplayer
3182200,Story Rich
3182200,Supernatural
3182200,Thriller
3183360,Adventure
3183360,Atmospheric
3183360,Cats
3183360,Cinematic
3183360,Difficult
3183360,Exploration
3183360,God Game
3183360,Horror
3183360,Indie
3183360,Lore-Rich
3183360,Mystery
3183360,Parkour
3183360,Philosophical
3183360,Physics
3183360,Precision Platformer
3183360,Psychological Horror
3183360,Replay Value
3183360,Roguelike
3183360,Story Rich
3183360,Surreal
3192940,2D
3192940,Abstract
3192940,Board Game
3192940,Casual
3192940,Difficult
3192940,Education
3192940,Exploration
3192940,Futuristic
3192940,Indie
3192940,Investigation
3192940,Logic
3192940,Minimalist
3192940,Mystery
3192940,Narration
3192940,Puzzle
3192940,Relaxing
3192940,Singleplayer
3192940,Story Rich
3192940,Stylized
3192940,Text-Based
3195910,2D
3195910,Abstract
3195910,Board Game
3195910,Casual
3195910,Difficult
3195910,Education
3195910,Exploration
3195910,Futuristic
3195910,Indie
3195910,Investigation
3195910,Logic
3195910,Minimalist
3195910,Mystery
3195910,Narration
3195910,Puzzle
3195910,Relaxing
3195910,Singleplayer
3195910,Story Rich
3195910,Stylized
3195910,Text-Based
3195990,Action
3195990,Action Roguelike
3195990,Adventure
3195990,Atmospheric
3195990,Co-op
3195990,Difficult
3195990,Multiplayer
3195990,Multiple Endings
3195990,Mystery
3195990,Online Co-Op
3195990,PvE
3195990,Roguelike
3195990,Roguelite
3195990,Singleplayer
3195990,Steampunk
3195990,Story Rich
3195990,Stylized
3195990,Supernatural
3195990,Trains
3195990,Western
3213430,2D
3213430,Adventure
3213430,Atmospheric
3213430,Dark
3213430,Detective
3213430,Difficult
3213430,Female Protagonist
3213430,Historical
3213430,Horror
3213430,Indie
3213430,Investigation
3213430,Mystery
3213430,Noir
3213430,Pixel Graphics
3213430,Puzzle
3213430,Side Scroller
3213430,Singleplayer
3213430,Story Rich
3213430,Supernatural
3213430,Violent
