app_id,user_id,review,does_recommend,funny,helpful,weight,playtime_at_review,review_length
2666390,76561198003479630,I fell three feet and died.,0,1,0,0.5,19,27
2666390,76561198008752964,"La Pire Bouse que j'ai faite de ma vie. Il n'y a absolument rien de bon. 
",0,0,3,0.56521737575531,104,74
2666390,76561197997266979,"Das Spiel ist an vielen Stellen etwas 'grobkantig' aber trotzdem gut spielbar, vorallem aber macht es Laune.
Ein Kritikpunkt wäre, das man manchmal nicht wirklich weis was man wo machen sollte um voran zu kommen und irrt leider dadurch sinnlos in der Gegend rum bis man wieder den Anschluss findet.
Eine Empfehlung ist es trotzdem wert!",1,0,0,0.5,368,336
2666390,76561198078106957,"I'll start by saying that in my opinion, this game is not worth its full price at the moment. It's full of issues ranging from mildly amusing bugs to game breaking glitches and crashes.

That being said, I've still managed to have some fun with this game and would recommend to buy this for a buck or two when it's on sale.

Check out my full playthrough here: https://youtube.com/playlist?list=PLdMvSxxatdYBq71DaWIZhQT60fCc0eCfj&si=lPs26gnUf_H3qe-7
",0,0,1,0.5330739617347717,95,450
2666390,76561199489750674,"Gnarly Hike is a captivating horror escapade through a mysterious forest. Beautiful yet spine-chilling, the constant fear of being hunted elevates the suspense. Unravel secrets, expel spirits – a truly eerie adventure that grips you till the end !",1,0,0,0.4658901989459991,53,247
2666390,76561199490331029,"delivers a spooky experience in a chilling forest setting—beautiful yet terrifying, with constant suspense that keeps you on the edge!",1,0,0,0.5,102,134
2666390,76561199490306641,"Gnarly Hike is a spooky game in a creepy forest where you try not to get caught,
Great Game.",1,0,0,0.5,35,92
2666390,76561199490449376,"Gnarly Hike weaves a haunting tapestry of beauty and terror in an atmospheric forest, where the fear of being hunted transforms each step into a spine-chilling dance with the unknown.",1,0,0,0.5,52,183
2666390,76561199490014471,"Embark on the spine-tingling odyssey that is Gnarly Hike, a first-person psychological horror masterpiece weaving stunning landscapes with nightmarish scenes in an eerie forest. Feel the relentless fear of being hunted, turning each step into a heart-pounding journey. Unearth secrets, banish spirits, and immerse yourself in a genuinely chilling gaming experience that transcends the boundaries of conventional horror.",1,0,0,0.5,61,419
2666390,76561199001729707,"Oh my love, oh the designer of the game, oh my life, oh the one who designed the game and put the sounds, oh my life, oh designers, oh beloved ones of the heart, you, oh the light of my eyes, oh the sesames of my heart, you, my life, why didn’t you control the monster, because every time I try to adjust a stage, and after I get tired, and after I eat air, and the broadcast goes down Watch it because the game is separated five times. Oh donkey, oh animal, curse your sister, father, sister, horror games, curse your mother, curse the mother, horror games. And for you, oh animal, oh female, oh goat, oh donkey, oh mule, oh colt, oh feline, curse your father, oh father, who is behind you, and for you, oh sons of Adam, the whole game was designed to be destroyed. A mistake made by the beast, why may God curse you, your father, and your mother?",0,0,0,0.19841268658638,96,848
2666390,76561198012442988,More gnarly than hike,1,1,1,0.5258620381355285,133,21
2666390,76561198051800225,A short fun horror/puzzle game. Some decent jump scares and puzzles.,1,0,1,0.5,177,68
2666390,76561198049970506,一般般吧，结局好奇怪，只要在人类女人和羊头怪物之间选择一个放出来么？这用得着选？,1,0,1,0.5,102,40
2666390,76561198822252755,挺一般的 解谜没有任何引导 也不吓人 有点卡 还会闪退,0,0,0,0.5,254,27
2666390,76561199101609628,乐色游戏,0,0,0,0.5,40,4
2666390,76561198359673046,"游戏指引非常的模糊 好多地方都需要猜 过关太费劲了  
也不恐怖    各种bug 还闪退   太一般了",1,0,2,0.4488188922405242,138,52
2666390,76561198141603030,"Start of the game was promising, after a bit you will start to see were the developement efforts went, Only in the beginning.",0,0,5,0.5474936962127686,52,125
2666390,76561199138822871,"Quel soulagement d'être sortie de ce jeu !

Le départ avait l'air plutôt sympa. On est bien dirigé dans un premier temps, il y a quelques jumpscares pas trop mal (d'autres sont plus drôles qu'autre chose), mais très vite, le jeu se transforme en une chasse aux détails à tourner en rond pendant des plombes sans savoir quoi faire ou en accomplissant des actions incohérentes.

Par exemple, l'objectif à un moment donné est de s'enfuir d'une maison. Notre perso peut ouvrir les fenêtres, y compris celle du rez-de-chaussée, mais vous croyez que cet imbécile sortirait pour sauver sa peau ? 

A ce moment là, il faut proposer des fenêtres qui restent fermées sinon on a juste l'impression d'incarner quelqu'un de totalement stupide.

Ensuite côté technique, la partie dans la maison justement lagge régulièrement. La lampe de poche est trop brillante et devient dérangeante un certain nombre de fois (sans parler du rechargement nécessaire), et bien sûr il fait trop sombre pour se permettre de ne pas l'utiliser. 

La gestion de la lumière est souvent mal réalisée. Beaucoup trop de clarté à différents endroits (en mode aveuglant) et à d'autres moments, aux mêmes endroits, c'est clean et on ne sait pas trop pourquoi.

Le jeu utilise l'horror engine d'Unreal, donc globalement ça fonctionne plutôt bien, sauf pour les combats. L'horror engine n'est vraiment pas faite pour proposer des combats qui tiennent la route, encore moins des combats de boss, et ici il y en a un, très chiant, très frustrant, pas agréable à jouer du tout. En plus, pour pouvoir se soigner, il faut aller dans l'inventaire et faire défiler tout ce qu'on a accumuler jusqu'à atteindre les médocs, ce qui laisse tout le temps nécessaire à l'ennemi pour venir nous buter. Et bien sûr pas de touche de raccourci pour le heal, puisque pas prévu avec l'horror engine. Charmant... 

Côté histoire, je n'ai pas trop compris pourquoi notre personnage s'est subitement mis à aller fourrer son nez dans cette histoire alors qu'il était venu là, a priori, pour faire du camping. Bon pour ce point à la limite, à force de jouer à des jeux d'horreur indé, les histoires qui n'ont pas trop de sens ne sont pas plus choquantes que ça du moment que le jeu est fun et rempli son job côté horreur, et ici ce n'est pas le cas, en tout cas pas selon mes critères.

En gros, je n'ai pas apprécié ce jeu. Le début oui, surtout parce que j'ai beaucoup ri des premières apparitions du monstre, mais ensuite c'est devenu très rapidement pénible à tourner en rond beaucoup trop longtemps sans savoir quoi faire. J'ai pourtant l'habitude de fouiller minutieusement chaque recoin d'une map, mais là c'était tellement vague et flou que j'ai eu juste l'impression de perdre mon temps. 

Difficile pour moi de recommander du coup.",0,0,1,0.5020747184753417,158,2773
2666390,76561198088388166,"The game is alright. I feel it could use some voice over work. Not bad for the price.

Gameplay Impressions: https://youtu.be/iRzMVMrQf8k",1,1,2,0.4748201668262481,24,137
