app_id,user_id,review,does_recommend,funny,helpful,weight,playtime_at_review
373390,76561198044469919,actual peak cinema im not even kidding,1,0,0,0.5,708
373390,76561197970504478,"A fantastic adventure game and detective game. Phenomenal FMV quality, and all of the actors were giving their all.  While I was originally unsure on the final conclusion of the mystery, looking back over my notes and some of the scenes made it make more sense in context.

If you like adventure games, FMV, or investigation, you'll have a great time with this.",1,0,0,0.5,511
373390,76561198165597903,good game,1,0,0,0.5,455
373390,76561198104697652,One of the best detective games I've ever played. Brilliantly funny acting and quirky characters and a very engaging plot.,1,0,0,0.5,675
373390,76561198799122811,"Have you seen...THIS?!

14/10. Plz get. <3",1,0,3,0.5634920597076416,274
373390,76561198161882589,"[h1] ゲームとしてはおすすめしづらいが、ドラマとして満足しています [/h1]

「おすすめしない」はあくまでも「ゲームとして」です。
なぜかクリップ再生条件と操作が多い映像作品だと位置づけたときに
遊べる豪華なBBCドラマのようで俄然楽しめるようになります。

ゲームとして選択肢あり移動操作などが最低限ありますが、

適正期待のイメージとしては下記です。
昔のノスタルジック時代のDVD円盤で購入またはレンタルしてきた
王道UKミステリー連ドラがあるとします。
スペシャルな円盤で、チャプター選択メニュー画面ですごくあれこれ遊べます。
そんなイメージです。
アイデンティティはあくまで実写ドラマであり、
プレイ性とゲーム性はおまけです。

ゲームとして期待するとせっかくの演技や魅力的なキャラクター、
面白く鑑賞できるいかにものミステリーが楽しめなくなってしまいます。
ここが満足不満足の大きな分岐点の一つと思われます。

選択肢設計の納得感と謎解き進捗コントロールの面白さも微妙です。
暗黙にゲームとしてあまり求めないドラマファンの心構えが楽しむコツです。

配役ははまり役、演技は豪華、場所はみんな大好きイギリス片田舎、
キャラクター設定とセリフや細かいリアクションも
合わさってかなり魅力的なミステリードラマには仕上げられています。

",0,0,0,0.5,398
373390,76561198038062875,"Es un juegazo. Interesante, con una visual estupenda, una dinámica de juego muy original y una buena dificultad.",1,0,0,0.5,1355
373390,76561197999822543,Fantastic game! Been thinking of playing it for a while and I'm glad I finally did! A sequel or spiritual successor to this game would be amazing!,1,0,1,0.5,506
373390,76561199216793760,i liked the whole story line it was fun to play,1,0,0,0.5,279
373390,76561198100780930,Severely underrated,1,0,0,0.5,522
373390,76561198085977479,"A little short for my taste, but it is an interesting game. 

I just feel they focused too much on sending you on a wild goose chase to have you guessing, and ignoring vital points and leaving too many loose ends. For example - when would a policeman ignore being assaulted and robbed? When would a policeman ignore a man pushing another man to do self-harm? Also, every evidence was supposedly tested so why talking about testing for DNA on evidence they have already had for quite a while? I also did not like how a the policeman missed such a point at the end, that eventually lead to the culprit.

Overall it was fairly enjoyable though.",1,0,1,0.5273264646530151,330
373390,76561199045790918,"Had a gaming night with my significant other. We had so much fun playing this murder mystery.
Though the game was made on a tiny budget I have to say that the gameplay and the various cutscenes felt of very high quality. You could really tell that the developers put much thought into this game. I really recommend this game for gaming nights w friends and/or family.
",1,0,1,0.5,578
373390,76561198918112599,"Even if it didn't have a good mystery behind it, the characters and acting would make it worthwhile. But it also has a pretty interesting mystery with plenty of twists and turns!",1,0,1,0.5185185670852661,576
373390,76561199567253902,Its an incredible piece of art! Its only flaw is that there isn't more of it available yet.,1,0,0,0.5,588
373390,76561198165433220,what an endearing game c: recommended,1,0,0,0.5,561
373390,76561198771610677,I am a huge fan of the FMV genre and this game does not disappoint. It is very well written and the cast does an excellent job. Inspector Jenks is a very unique character but unique in a good way. Very enjoyable. I highly recommend if you like detective/inspector games.,1,0,0,0.5,295
373390,76561198745798841,"Fantastic. Offbeat, wacky, and intriguing.",1,0,0,0.5,67
373390,76561198276300222,"A VERY INDEPTH AND EMERSIVE GAME, THE SCREEN FOOTAGE IS VERY GOOD AND KEEPS YOU WANT TO SEE AND DISCOVER MORE IM ONLY 5 HOURS IN BUT LOVING THE STORY LINE SO FAR. I WISH THE CONTRADICTIONS WERE A TAD EASIER TO SPOT BUT STILL ALL IN ALL VERY ENJOYABLE.",1,0,0,0.5,297
373390,76561197982195679,"Definitely one of my all-time favorite deduction/puzzle games.  

I love all the locations and interactions are filmed at real places with real actors.  I love that they took the time to film each location from multiple angles based on which direction you're coming from.  Really ups the immersion factor!  Really like an interactive movie in the best way.

I love all the characters, especially Detective Jenks.  He's contently riding the line between serious policeman and goofball.  It's hard to explain, and I could understand some people not enjoying it as much as I do.

The contradiction mechanic is simple, but effective.  Really makes you feel smart when you catch someone in a lie.",1,0,12,0.6669780611991882,598
373390,76561198116496510,"A very fun and engaging game. Bought it for the wife and I to play for fun together, and we both really enjoyed it. were able to use the steam controller as a ""mouse and keyboard"" to pay from the couch. Functions like a point and click of old, but with witch actors and film. Cant recall any bugs.
Story was engaging through too the end, acting balanced cheesy fun and seriousness very well.
Worth full asking price. Especially worth it on sale.
I would strongly recommend playing it in as few sessions as you can, and in consecutive sessions so as to best remember which characters respond to which questions in which ways. If you mess this up, you can always replay responses but that can be... tedious?",1,0,4,0.5454545617103577,398
373390,76561198119670988,8/10,1,0,0,0.5,52
373390,76561199862242937,"Best detective game ever!! I love how much thought and effort was put into this game, the acting was amazing, the story was rich and felt like I was watching a movie while I was playing. It was like I was a part of the movie, an interactive mystery movie. It's my favorite game ever, I'm just so sad that there isn't a part 2 or something similar. Someone please help! :(",1,0,7,0.5985401272773743,705
373390,76561197997170349,"""What do you think about... THIS?""

That this game is good",1,7,14,0.6973804235458374,86
373390,76561198135656087,"Don't buy....

Here's why:
1. Nonsensical writing - the worst inspector ever. 
2. Constantly having to go between 6 locations when learning 1 new thing. 
3. Cutscenes required to continue the story are triggered at certain spots on the map. Go find them!
4. The actors are trying (except for the inspector who thinks this is a Naked Gun movie), but everything is working against them. Bad writing. Bad dialogue. Bad lighting. Bad directing. By the end I just felt bad for them.
5. Day-for-Night photography. Yes, they really did this. Like a lot. It looks even worse than you're thinking.
6. Terrible sets. The game takes place over several hours starting in the early daylight evening time to midnight, but the lighting indoors never changes even when characters are sitting next to windows.
7. You always interview characters in the exact same place. They never move. One guy stands at his fireplace for 6 straight hours holding a glass of liquor. 
8. 98% of all clues are red herrings. 
9a. The final reveal of the story is stupid and underwhelming. It also doesn't make any sense based on the little bit of character development we get. 
9b. It would not take 6 hours to figure out who did what because a real inspector would know the correct questions to ask.
10. Ayn Rand bad. 
11. Seriously, a potential Satanic cult goes by the name Atlas and is operated by the Rand family. 
12. Instead of wrapping up loose ends in the story, it leaves all the other threads it just wasted your time weaving unfinished. You find out what happened to Kate (the victim), but in doing so you stumble upon something larger, WHICH WILL BE EXPLORED IN THE SEQUEL. Where is the sequel??? F--- You! That's where! bad...bad.....bad writing. 
13. I tried to play the game straight up but found myself instantly bored and annoyed, and I like these kinds of games. Found a guide online to finish it up. Took a few hours. Was still bored. 
14. There are a total of 7 characters that you interview throughout the game. 2 of them could be cut completely and you wouldn't lose anything. A 3rd could be cut and it would tighten up the story leaving a total of 4 characters that have any actual bearing on the plot. 2 of those 4 could be combined into 1, giving you 3 decent characters to work with. 
15. The inspector gets called a ""Pig"". His response? He slaps a grown man in the face like a woman. If I physically cringed any harder I'd implode like the Witch King of Angmar.
16. The WORST inspector. Now I know this takes place in the UK and their laws are not like US laws. In the US we have the 4th and 5th amendments, which state, respectively, that an officer of the law needs a warrant to search your property and that you are not required to speak to the cops. Bro literally walks around town entering peoples' homes at will and takes their stuff, which he never returns! He's like Doc Brown on Valium.
17. You have a running inventory of items you pick up as clues. When questioning people you pull these items out of .... where? It's a lot of items. You'd need a large bag to carry them all in--one of the items is a large bag but you don't use it to carry items in. Every time you pull it out it is perfectly folded and creased. It's unintentional comedy (read: immersion destroying).
18. The plot almost goes supernatural. At this moment, my excitement was rekindled because it would have been an interesting twist. Then....NOPE. 
19. No way to skip cut scenes of entering locations, which you will be doing dozens and dozens of times.
20. Inspector witnesses a crime and does nothing about it. WORST INSPECTOR EVER.

I'm absolutely blown away that people have liked this game. What a waste of precious time.",0,3,3,0.3576812148094177,296
373390,76561199588067257,PEAK,1,0,0,0.5,337
373390,76561198117638960,"Contradiction é um ótimo jogo de detetive no qual você investiga a morte de uma jovem em uma pequena vila no Reino Unido, investigando suspeitos e encontrando contradições nos testemunhos deles para avançar a história. Eu gostei da história, e achei que seu sistema funciona muito bem e até que possui um nível de dificuldade bem bom, com algumas contradições bem sutis que exigem a atenção do jogador. Mas o grande diferencial do jogo são os seus visuais FMV, com o jogo inteiro sendo composto de gravações de atores reais, e eu devo dizer que me impressionei muito num aspecto técnico.

Todos os atores são ótimos, variando entre o realista e o exagerado de propósito mas sempre com um charme bem grande, e a qualidade das gravações em si continua muito boa mesmo dez anos depois de seu lançamento. Você se move pela vila caminhando entre diferentes pontos, e foram feitas gravações de diferentes ângulos das mesmas cenas dependendo de que lado você está chegando. Além disso, o dia vai escurecendo enquanto você joga, e para isso usaram uma das únicas instâncias de day-for-night que eu vi na minha vida que ficou boa. É num geral um jogo muito bonito e muito bem atuado com uma ótima trilha sonora também, eventualmente começa a parecer que você está jogando um episódio de alguma série de mistério.

Eu gostei muito da minha experiência com Contradiction e recomendo ele para todos fãs de obras de detetive e mistério, especialmente os que conseguem apreciar o charme do FMV. O final aqui é satisfatório, mas deixa uma ponta solta para uma sequência que pelo visto nunca vai ocorrer em decorrência da morte de um dos atores principais. É uma pena, mas eu fiquei feliz com o que eu joguei e estou ansioso para continuar jogando os futuros lançamentos desses desenvolvedores.",1,0,0,0.5,499
373390,76561198326012679,"A detective game that makes you feel like a detective. Fun acting, with mechanics that have you think methodically about the clues.",1,0,4,0.5615034103393555,398
373390,76561197985061559,"🕵️ Contradiction – Spot the Liar | 👍 Recommendation: ✅ Yes, with caveats | ⏱ ~6h played

                                                                             - 8,5 / 10 -

=== TL;DR ===

🧠 A surprisingly engaging FMV detective adventure that leans hard into 80s/90s crime-TV nostalgia, memorable (and intentionally exaggerated) performances, and a satisfying contradiction-based investigation system — proof that FMV games still work when done right.

=== What this game is ===

📖 Contradiction – Spot the Liar is a full-motion video (FMV) detective adventure where you assist Inspector Frederick Jenks in solving a suspicious death in a small English village — all within a single night.

What initially looks like a suicide quickly unravels into something far stranger, involving secretive organizations, questionable alibis, and characters who clearly aren’t telling the whole truth. If you enjoy classic crime shows like The X-Files or old-school adventure games, this will feel immediately familiar — and comforting.

=== Gameplay ===

🎮 Core loop: explore locations → interview suspects → collect clues → use dialogue fragments to expose contradictions.

You move between fixed locations using static images (very Myst-like), interview characters, and gather dialogue fragments tied to specific people. Progression depends entirely on catching characters in logical inconsistencies — you know they’re lying, but the challenge is finding exactly where they slipped up.

Player freedom is moderate: you can choose the order of interviews and exploration, but the investigation itself follows a guided structure rather than offering multiple radically different solutions.

=== What it does well ===

✨ Acting & characters: FMV lives or dies by its performances — and Contradiction delivers. The cast leans into deliberate overacting, resulting in memorable, sometimes hilarious characters without breaking the mystery.
🎶 Soundtrack: Tim Follin’s music subtly reinforces tension and discovery without ever becoming intrusive.
🧩 Contradiction system: Catching a lie by piecing together someone’s own words is genuinely satisfying and remains the game’s strongest mechanic.

=== Where it falls short ===

⚠ Late-game UI friction: As your list of dialogue fragments grows, finding a specific remembered contradiction can become cumbersome.
⚠ Style won’t be for everyone: The exaggerated acting, FMV format, and self-aware absurdity may turn off players expecting modern, subdued storytelling.

=== Replayability ===

🔁 Low. Outside of revisiting the story for nostalgia or achievements, the experience shines most on a first playthrough.

=== Who should play ===

✅ Fans of FMV games and classic adventure titles
✅ Players who enjoy detective stories and logical deduction
✅ Anyone nostalgic for 80s/90s TV vibes (X-Files, A-Team, Command & Conquer energy)

🚫 Players who dislike FMV or exaggerated performances
🚫 Those looking for deep mechanical systems or modern cinematic realism

=== Technical & value ===

🛠 Performance: Smooth and stable; no crashes or major issues encountered.
🎮 Controls/UI: Simple and intuitive, though late-game clue management could be improved.
💰 Length: ~5–8 hours (perfect for a rainy Sunday). Worth the price, especially for genre fans.

=== Final verdict ===

🏁 Contradiction – Spot the Liar tells a compelling detective story with charm, confidence, and a clear love for classic FMV adventures. It doesn’t modernize away its roots — it embraces them fully. FMV games aren’t dead — they just need to be designed right. This one is.",1,1,8,0.6031054854393005,358
373390,76561198166835133,The story was fun to figure out. Even though I heavily relied on the games hints as I don’t play detective games as often. The soundtrack was nice,1,0,2,0.523809552192688,938
373390,76561198013007809,"Little tricky, but enjoyable. Really liked the FMV and the cast.",1,0,1,0.5,368
373390,76561198989964529,Delightful. I can see why this is considered one of the most influential FMV games of all time.,1,0,1,0.5,398
373390,76561198032627836,"A great mystery adventure FMV. Even though it looks and feels like it's made on a shoestring budget with characters coming off as caricatures and the acting being very much B movie tier, it still has a lot of soul with a writing that hooks you in.",1,0,0,0.47486037015914917,616
373390,76561198153393601,"Contradiction is a quirky FMV detective game where you investigate a small-town murder by interviewing suspects and catching them in lies. The core idea is simple: listen carefully, spot contradictions in what people say, and use them to push the investigation forward.

What makes it work is its charm. The acting is knowingly over-the-top, the writing is fun, and the deduction process feels genuinely engaging. It doesn’t take itself too seriously, which makes solving the case feel playful rather than stressful. It’s a great pick if you enjoy investigation games, light logic puzzles, and a bit of humor mixed into your mystery.",1,0,1,0.5022455453872681,70
373390,76561198392278322,peak,1,0,0,0.5,771
373390,76561198022827321,"You´d think devs would, at least, do a little ""research"" on what the main character wears:

the underbutton of a jacket is ALWAYS unbuttoned, they are designed like that.

Story is kinda meh but the game itself is great",1,0,0,0.4761904776096344,668
373390,76561198044346035,Fun murder mystery that is definitely worth the price. You can beat it in a couple of evenings.,1,0,1,0.5074223875999451,385
373390,76561198095483922,"Likes:
- fun core mechanic
- the actor who plays Paul is every bit as sneering and delightful as Alan Rickman's Snape - absolutely steals every scene he's in
- fast travel system is really helpful
- well lit and well-acted scenes, pretty solid immersion

Dislikes:
- the save system can be a bit tricky - recommend playing on one machine rather than relying on Steam Cloud saves.
- fails to launch on my M1 Mac, had to play on Windows
- fast travel is great but would prefer to have the option to just be able to jump directly between characters rather than navigating to them - there is this loop you get into for a bit of ""find object X, now go ask every single person about object X, rinse and repeat""
- there are quite a few times you are randomly expected to know to go into the woods
- HARD sequel-baiting leads to an underwhelming ending",1,0,1,0.5022455453872681,399
373390,76561198097037152,"Not as good as expected. Boring game play[spoiler] You have to ask EVERYONE about everything every time you find a new evidence [/spoiler], poor script and a bit short for this price. Also there are too many similar videos, don't even know why they decided to make it that way. 5/10 in general",0,0,0,0.5,340
373390,76561198304378871,"acting is good, but the story...",0,0,0,0.5,239
373390,76561198028145597,Rock on Jenks,1,0,0,0.5,221
373390,76561198841888886,"Actually I have 8 hours on this game. Cannot recommend it. It's an interesting enough concept, but the ending is just straight up lazy and disappointing, designed to lead to non existing sequels if you want something interesting to happen.
Also, the mechanics of finding contradictions solely on each character at a time is annoying, doesn't make sense, and just seems like lazy development. Often times they contradict themselves, and you can't do anything about it. The ""call the chief"" asset is very badly explored. The fact that you are yourself a police officer is very badly explored.
It builds such an intricate plot of events, making you consider the wildest possibilities, to end up on the most mundane and easy answer, leaving all the big stuff for imaginary sequels. That I will absolutely never buy.
>:(",0,0,0,0.5,89
373390,76561199505002003,Easiest 10/10 game ever,1,0,0,0.5,941
373390,76561198801679214,"Any game that I play several times over is a success. If I like a game, then I can play it over and over. Obviously, that is not everyone's cup of tea. General plot was good, acting was good overall. A few things were a little silly - but it's a game and not a movie, so I give that a pass.",1,0,0,0.5,15485
373390,76561198964412933,Bugs...,0,0,1,0.523809552192688,51
373390,76561198013008958,"The ideal game to play on some rainy evenings, or when you're nursing a cold - not too long, not really hard, a nice and cozy English village atmosphere and an interesting story where you can lean back and just listen.

I enjoyed the plot and found the contradictions usually ok to spot. However, the final one didn't seem to make much sense to me and wasn't really obvious or logical [spoiler]as I assume the black bags on the window wouldn't be fixed with some type of stationary-type thin washi-tape  - assuming that the thin colorful one was used for fixing the window is a bit of a stretch. The game did great in showing you clues, but this time it fell short, especially as you couldn't see the tape at the window. Had it been visible at all, it would have been a great riddle. [/spoiler]

The slight overacting was quite fun and I enjoyed watching the different actors. They did a great job and I'd love to see a sequel at some point!",1,0,0,0.5,616
373390,76561197976569252,"The best, and only, game in its genre.",1,0,4,0.5792880654335022,788
373390,76561198117637674,"Well worth the time, great atmosphere out of Cheshire, England, music and music editing from the creator is very good, acting is decent with some aura from Paul Darrow as Paul Rand, ending feels a bit like a letdown but you realize its not just needed a bit more exploration around it or less up front. deserves a sequel 9/10",1,0,0,0.5,530
373390,76561199469462088,This is a great game it was made on a budget but came out very good the story iq quper good the screen is a bit glitchy but its easy to ignore i hope this game will get a second part!!!,1,0,0,0.5,337
373390,76561198078672460,"Rating: 2/5 ★★ 

Pros: 
- FMV
- The acting is pretty decent

Cons: 
- The story isn't great - a typical English setting mixed with occult nonsense that doesn't make sense in the end
- Sudden events force the player to recheck every area constantly
- The game suffers from visual distortion and lags during scene changes
",0,0,1,0.497925341129303,555
373390,76561197985833919,Fun little FMV game,1,0,0,0.5,343
373390,76561198044179725,"This was a fun interactive story game that really made me think about what the characters were saying, and pay a lot of attention to reviewing past conversations. I enjoyed this a lot and would recommend it to anyone who enjoys a mystery.",1,0,0,0.5,316
373390,76561198353170832,"While I'm not Sold on the Point and Click Gameplay the story got really interesting, the characters, story and other things in the game are pretty good I definitely recommend this game.",1,0,2,0.54356849193573,318
373390,76561198355165733,"An actual detective like game where you need to reference clues from the beginning of the time line to find contradiction and progress. This makes it feels less like a brain teaser mini game.

The acting is great fun/nostalgic if you enjoy the traditional British detective TV show.

The only downside is that we won't see a follow up on the story.",1,0,0,0.5,653
373390,76561198048466706,"Contradiction is almost like a strange relic. It's a fully FMV point-and-click adventure built around a crime story, but it's also a weird budget game that relies on a bit of narm charm to get by. 

We follow Inspector Jenks as he investigates the mysterious death of Kate Vine, a student in a sleepy English village. Technically already ruled a suicide, Jenks is nonetheless unconvinced as the details don't add up and it feels like everyone in her life, from her friends to the local pub landlady and the shifty business school Atlas that she attended, have things to hide. 

Gameplay is strictly point-and-click as you navigate Jenks around the town and into interrogations with the locals. The main way you progress is by finding parts of each person's statements that, as the name says, contradict - if you've played Ace Attorney it's a tiny bit like that. 

Unfortunately there are some problems that mar the experience. Firstly is that sometimes the correct statements simply don't seem to contradict and require you to make an additional connecting leap in your mind. It also feels a lot like the writers didn't start with a strong spine for the plot - elements get introduced or fall out from focus at random, and the story pulls in a ton of different directions by the endgame, with no satisfying resolutions for many of them. It's a shame; there's still a weird early-90s charm to this that I want to love.",1,0,4,0.5760598182678223,328
373390,76561198343153647,very unique and interesting game. I enjoyed it a lot,1,0,0,0.5,665
373390,76561198024441067,"Short and sweet. Has a good hint system that budges you towards the right direction but is never super-revealing. A game that rewards attention, logical reasoning and out-of-the-box thinking. I don't really like the random encounters in the woods but I understand that they are a bit of a necessity given the convenient fast-travel system.

It's been 10 years since its release so it's hard to hope for a sequel, but I'll probably be checking their horror game next I guess!",1,0,6,0.6205308437347412,366
373390,76561198097581002,"Fun little mystery. Gameplay flows well, the repeating scenes don't get annoying as you navigate the town and in and out of buildings. They are short and do not contain any grating sound effects. Well done! I enjoyed the story, the characters, and the actors. There were a few unexpected surprises along the way. I can't say much about what I liked without spoiling the plot. I'd like another, please.",1,0,0,0.5,1019
373390,76561199512129009,"Love FMV detective games - this game was so much fun at a great price. I also heard this was a kickstarter, which is so impressive because this game looked so well done and thought out. Highly recommend this game!",1,0,0,0.5,592
373390,76561198016009783,"Excellent FMV detective mystery. Great performances from the cast, atmospheric setting. Great fun untangling webs of lies in a small village.",1,0,0,0.5,718
373390,76561197991483837,"Had a lot of fun solving an interactive mystery!
Played this game with my Dad and teamed up to catch the contradictions.
It was a really great bonding experience since he loves mysteries.
Hoping to see more games like this in the future!",1,0,4,0.5874999761581421,449
373390,76561198007744101,"I got this game ages ago, but never played it until now, in 2025. It's a damn good game. 
Tim Follin did an amazing job with this game, and I regret not playing it sooner.

Thank you, Tim!",1,0,1,0.52173912525177,295
373390,76561198218657020,I must say at first that i bought this game because of At dead of Night. And the game is not bad but the some contradictions are a bit far fetched for my taste. But this aside I really like the actors and the whole story. Its really cool to see the story and the characters unfold and the acting is really good. I really like the ambience and the game. I can really highly recommend it.,1,0,0,0.5,433
373390,76561198016377578,An absolutely brilliant game. Such clever story building. Made me feel like I was interacting with the TV murder mystery shows I watch. I got so excited when I got to contradict a person during an interview. So many ah ha gotcha moments. I would love to play more games like this.,1,0,0,0.5,746
373390,76561198411980253,very good game,1,0,0,0.5,330
373390,76561199546411363,"The game kept crashing and the achievements would not pop for me :(. I really like the all video style and thought that the set up to the game was very interesting and got me engaged. However, the ending totally dropped the ball and was so rushed. And that really sucks because I think the game has a lot of potential and a sequel would help with these lose plot threads to connect. 5/10 and please let there be a sequel because I really think this idea is cool.",1,0,0,0.5,962
373390,76561198071348073,"Enjoyable detective game, recommend it highly. The acting is good, at least for the main characters. It's also pleasing that there are no issues (like alcoholism or hostile officials) with the main character that's distracting from the investigation. The contradictions are in nearly all cases logical, and not reaching.

What's I'm critical about is that there is not enough investigation about the victim, in the end I knew a lot about the course she was enrolled in, while her personality more diffuse. Would have liked if there was the possibility to raise some contradictions about how she was described at first, and her being [REDACTED].

I also didn't like that three of the suspects was removed from the board at the end, making the guilty one kind of obvious. Also, the final contradiction was kind of annoying, especially since it felt more like an assumption since there was no way (that I found) to visually confirm the contradiction. 

Would also have like some closure of the side stories - What was the truth about the things that happened a year ago? Is a certain character doing something illegal? Who speaks the truth Ryan or Simon?

8/10 - strong recommendation if you like this kind of games, but there are some flaws that pulls down the score.
",1,0,0,0.5,428
373390,76561198025160412,"Really enjoying this game. Its has moments where you do have to do some deduction, however it does have some moments that are fairly linear. 

My biggest issues with the game right now are its menus. These menus look very dated, the title is a long unskippable video which I'm pretty sure is a game sin, and you can soft lock the game by opening load then closing it.

Still great experience overall, definitely recommend so far.",1,0,0,0.5,252
373390,76561198037921638,"What an absolutely wonderful point-and-click murder mystery with a stylised twist. While some of the acting was hammy - I fully expected this, and was pleasantly surprised that the majority of it was well delivered. There's so much effort gone into the production and it plays wonderfully. I streamed this to a friend, and we had an excellent time finding the contradictions. It was a real head-scratcher at times, and we felt so pumped when we solved the clues. Really, really fab. We're miffed that it never did a sequel. I hope they will one day!",1,0,0,0.5,534
373390,76561198036287736,"Very original, and solution made logical sense.",1,0,1,0.5,446
373390,76561198332857296,"Bão, mas final ruim",1,0,0,0.5,505
373390,76561199092331315,"Very fun, love this fmv style. at times a little chaotic with how much you can talk about/have talked about, but very doable.",1,0,0,0.5,427
373390,76561198050639994,"Fun game, bit abrupt ending",1,0,3,0.5279435515403748,364
373390,76561197968884576,"The ""contradiction"" system is a great conceit. The satisfaction of catching someone in their lies is elevated by some charming FMV performances and great character work by the actors.

",1,0,1,0.5,342
373390,76561198067499546,have you ever seen [i]THIS[/i] before?,1,2,1,0.5,266
373390,76561197999303356,"My first game from this studio was At Dead of Night. In comparison the games are rather different, one terror inducing and the other: reading in between the lines of characters that repeatedly choose to exhibit inconsistencies between their dialogues and actions while simultaneously losing track of their self awareness. The plot contains just as delightful of a twist as At Dead of Night with a few enjoyable red herrings thrown into the mix. From a profiling perspective regarding  the characters: most of their motivations, developments, and character arcs present as a little cliche, however, this doesn't take away enjoyment from catching some of the more ""hidden"" developments the writers sneak in. I highly recommend this game if you enjoy an altogether different video game experience for a standard point and click, enjoy catching duplicitous liars in their own web of contradictions, and need a change of pace to allow for a re-framing of the mind!",1,0,1,0.5,431
373390,76561198111549631,"""Contradiction"" immersed me in a gripping mystery unlike any other! From the first minute, I was hooked by the intricate plot and fascinating characters. Each clue unravelled new layers of suspense, challenging my powers of deduction. The movie-like game offered both entertainment and mental stimulation. The graphics, voices and actor roleplaying beautifully complemented the atmosphere, enhancing the immersive experience. Whether you're a seasoned sleuth or a casual gamer looking for a challenge, ""Contradiction"" delivers an unforgettable adventure. Highly recommended! 
I do not know why this game is so underappreciated, It's great!",1,0,0,0.5,470
373390,76561199742915409,"I wanted to love this game so badly. I was so excited to play this game and have the live action experience with a mystery/detective setting. I was so excited for ultimately an interactive movie experience. SPOILER ALERT:::::::::::::::::::::::::::::::::::::::::::::::::::::::::::::::::::::::::::::::::::::::::::::::::::::::::::::::::::::::::::::::::::::::::::::::::::::::::::::::::::::::::::::::::::::::::::::::::::::::::::::::::::::::::::::::::::::::::::::::::::::::::::::::::::::::::::::::::::::::::::::::::::::::::::::::::::::::::::::::::::::::::::::::::::::::::::::::::::::::::::::::::::::::::::::::::::::::

All I wanted to do since the first 5 minutes of the game was ask why Rebecca's tape was found at the crime scene and could I? NO. WHY NOT? BECAUSE IT WAS CLEARLY WRITTEN BY A NEUROTYPICAL MAN. Please consider including women in your next writing project. Next time, I will be checking to see if women have been included in the writing before making a purchase from this team.",0,7,1,0.3467048704624176,365
373390,76561198119341935,Great game!!  Very enjoyable.,1,0,0,0.5,599
373390,76561197982533866,"A truly great game. Made me nostalgic more for old school television than old school games, and I imagine that's by design. I hope this game does well enough that the developers can make more. It's a wonderful experience.",1,0,0,0.5,540
373390,76561199682903739,Was an amazing experience! Honestly didn't expect the ending and kept me in suspense every moment! I would definitely recommend!,1,0,3,0.5279435515403748,310
373390,76561198398995711,"作为一个侦探游戏，不能检查证物，不能交叉询问，一些矛盾跳跃性过大很难想得到、3DM的中文翻译一塌糊涂（一句口号能翻出3、4种结果，同一个人的名字也能不一样，这个翻译组针对有校对吗？），作为老游戏bug太多，这些我都忍了。
我就请问了，为什么一个关键线索一直在警察手里，警察愣是6个小时没往这个方向想，最后一个大圈子绕来绕去，还是某人A告诉你的。最后真相直接揭露。那合着警察一开始就找A，上来一句话：你是犯人，你有什么要说的吗？A说：我不是，你看这个线索，这个balabala。OK，不就破案了？难道整个游戏的目的就是为了中间的大圈子，挖一大堆坑不填为续集留空间？
剧情推动全靠掉东西，警察也不想想会不会是凶手留下的假证据。反正没有交叉询问，说什么信什么。奎因看了真得泪流满面（后期奎因问题？不存在的）
你说演员的演技吧，你要是和国产剧那帮人比那确实可以。但除了老登给人的巨额压迫感和主角极为丰富的表情变化，其他人就是一两个的动作反复重复。比如某转头-回头的有气无力唐人和举杯-喝酒男（你一晚上到底喝了多少，还有你是怎么从酒吧瞬移到公司的）",0,0,2,0.5454545617103577,331
373390,76561198029330227,"Очень хороший детектив на 10-12 часов. И атмосфера, и актерская игра (кроме Дженкса) здесь на высоте. Единственный минус - игрушка линейная, строго на 1 ран. Но это очень крутой ран! Крепкие 8/10",1,0,0,0.5,857
373390,76561198121230215,"""Does THIS mean anything to you?"" OuO

It took me a while to come back to this game and finish it. I really do enjoy FMV games and playing as Jenks was so enjoyable. His facial expressions and line delivery really kept me engaged. I wish the notes in-game were more organized.  It can become a long list and there is a lot of clicking through but that's really not too bad overall. Just something to be aware of. The ending let me down a little bit but I still had fun with the journey. I was hoping there would be some sort of sequel but with Jenks but sadly there is none. 

I would love to see either a continuation of investigating Atlas or another case all together.

Steam Deck-wise, this game ran smoothly.

 Until then, I will be playing Baggy Cat's horror FMV game next.

˚ʚ♡ɞ˚",1,0,1,0.5,1239
373390,76561198027409455,IT'S ALL JUST PART OF THE COURSE!!!,1,1,0,0.5,459
373390,76561198037889241,Words cannot express my love for this game. A very strange man rolls into town. He presents total strangers with irrelevant questions in an odd inflection. He solves a murder in six hours. This game hypnotizes me every time I play it. When I start it I have to finish it in a single sitting. It somehow immerses you so completely in the setting despite the sometimes hammy acting. I give it two paws up and ten poppy pods out of ten.,1,1,0,0.5,1021
373390,76561197963389538,"No spoilers, I promise.  

This game gets a ton of slack because it's such an interesting project and we're starved for modern FMV and investigation games.  The story is engaging, the characters are interesting, and the acting is charming.  

However, to say the ending is ""a disappointment"" is an understatement.  It's unbelievably dissatisfying.  Most of the mysteries you've been unraveling have absolutely no meaning.  By the end, your notebook is filled with several plot lines that have zero impact on the ending and get no conclusion.  You randomly point out a mundane contradiction and the killer confesses for no reason.  

The gameplay is often frustrating.  The interface is terrible and confusing.  Notes quickly become disorganized and overwhelming.  There's a TON of pointless backtracking.  Talk to one person, get a clue, then travel around and ask everyone about the clue.  Even with fast travel, you need several clicks and short ~2 second cutscenes (that you've seen dozens of times) to talk to someone.  It's like a walking simulator to slow down the pace of the game and stretch the playtime.   

The main gameplay element is finding contradictions, but they're mostly stupid easy.  You never cross-reference people's stories, so it's literally just calling a character out for saying one thing (""I'm allergic to ___"") and then saying the opposite later (""Yes I took a pill of ____"").  The contradictions only FEEL hard because tracking information is so difficult that you can't put the pieces together without slogging through your evidence bag. 

Also, final rant point, you can't change the volume.",0,0,13,0.620773434638977,585
373390,76561197972442783,"It's exactly what the title says it is, ""all-video murder mystery adventure."" I found it similar to any of the supermassive games but much, much more basic and really only one path but the play style is alike.  It ran great on the Steam Deck, no crashes or difficulty reading text.  I didn't find a need for a guide; it's pretty much just explore/click everything.  A few of the contradictions were not so obvious but not overly difficult.

There is no horror or gore, it's basically a who-done-it, think Clue or Agatha Christie for reference.

I picked it up on sale and feel it's definitely worth the sale price.  Anyone who is a fan of mystery/interactive fiction should give it a try.",1,0,0,0.5,595
373390,76561198820678246,"My second favorite FMV investigation game, Contradiction—the all-video murder mystery—demands that you maintain a high level of attention to detail and keep your senses sharp. You must pay attention to any contradictions from the people you interrogate as you try to solve the bizarre murder mystery that unfolds under unusual circumstances. It comes highly recommended.",1,0,0,0.5,262
373390,76561198018546780,Very good game fully enjoyed it.,1,0,0,0.5,347
373390,76561198122372810,"Excuse me sir, did you drop this?",1,0,0,0.5,527
373390,76561198044543316,"Easily the most fun I've ever had playing a point and click adventure game.
The writing was fantastic, and I'm sad there isn't a sequel.
Ran well on Linux!",1,0,5,0.6048906445503235,551
373390,76561198039135472,"Very nice experience, it's unfortunate we don't have a sequel :)",1,0,0,0.5,1385
373390,76561197965107599,Amazing game that DESPERATELY needs a sequel to wrap the story up!,1,0,11,0.6791623830795288,349
373390,76561198017286261,Recommend entertaining fmv!,1,0,0,0.5,360
373390,76561198025294924,"Fun little narrative game, very British!",1,0,1,0.523809552192688,324
373390,76561198167330403,This game is unlike any I have ever played before. The actual mystery was pretty bland if I'm being honest. But the gameplay was so unique that I really enjoyed it anyways. Definitely recommend to any mystery fans.,1,0,0,0.5,254
373390,76561199076813468,"第一次打推理游戏被气成这样，是看了推荐和好评如潮决定入的，怎么没人避雷是烂尾啊？！全程一系列的伏笔、悬念，全都被结尾毁了。打到结局的前一刻还在期待往下的推理和发展，还在觉得这或许会是我年度top推理游戏，然后就烂尾一样没了？！伏笔和大世界观的问题还可以给自己洗脑说是说不定有2呢，但是已经有些地方是吃书前文、或者明知道有问题但直接变成无用的线索。虽然也不是没玩过烂尾的推理作品，但大部分都是世界观扯东扯西太多，最后收束的时候接不住，但至少里面的推理、案件的细则不会有大问题。这游戏是结尾从案子到设定都直接滑坡大烂尾。

唯一能称道的就是这个定价，即使原价的情况下，我个人认为整体的演出、内容的价值超过这个价格。但我更希望创作组能定高价而更完善这个作品，不是定这样一个价然后端上来烂尾的东西。",0,0,0,0.5,58
373390,76561199234876999,"The story is fun and keeps you hooked, but the characters give away their lies too quickly, and the confession scenes don’t feel real. There are also some scenes that come off as unrealistic or unintentionally funny. The game doesn’t always accept obvious contradictions but weirdly accepts similar lines. The ending wasn’t super satisfying, but it did make me curious about the sequel. Overall, it flows well, I just wish there were more choices",1,0,0,0.5,681
373390,76561198984656750,"Reviewing (mostly) every game (or DLC) in my library, part 18:

⭐️⭐️⭐️⭐️⭐️⭐️⭐️⭐️/10

I didn’t expect to enjoy this game as much as I did. It’s an FMV detective story from a bygone era—complete with awkward zoom-ins, stiff body language, and a main character who looks permanently bewildered. But somehow? It works. Like, really works.

There’s something weirdly charming and compelling about poking holes in lies with just the right contradiction, watching suspects flail as you pin them down with their own words. It’s part detective sim, part campy stage play, and somehow greater than the sum of its very strange parts. It’s janky. It’s dated. And it’s at memorable mystery game!

🕰️ [b] Pros: [/b]
[list]
[*] Surprisingly great acting and voice direction (Jenks is a gem)
[*]  The contradiction mechanic is so satisfying when it clicks
[*]  Genuinely fun to play detective and uncover lies
[*]  Weird little village setting adds to the cozy, eerie atmosphere
[*]  Still runs well on modern machines, including Mac
[*]  Memorable characters, from creepy cultists to awkward teens
[/list]
❌ Cons:
[list]
[*] No real replay value once you've solved it
[*] Bit short (~7-8 hours to 100%)
[*]  UI is a little clunky by today’s standards
[*]  Pacing can drag if you miss a contradiction and get stuck
[/list]
",1,0,2,0.533527672290802,358
373390,76561198058961222,"If you got the time and patience to play and replay looking for the contradictions and feel kinda detectivesque, then this is for you. Enjoyed the over-the-top acting, don´t know if it was on purpose but it worked. Hope we get a part 2 some day!",1,0,1,0.5258620381355286,413
