app_id,similarity,name
1859580,0.7497201816432804,Full Void
1927140,0.7472781498943205,start;again
1978330,0.7403802379628004,Life Gallery
1934800,0.735818963456478,a pet shop after dark
1750570,0.7344397664465055,Subway Midnight
1894600,0.7322341658654308,Monster
1826570,0.7289851386552227,First Class Escape 2: Head in the Clouds
1732750,0.7279642029507383,Havsala: Into the Soul Palace
1721170,0.7237378689723349,What Lies in the Multiverse
1900340,0.7191789184459215,Ten Trials of Babel: The Doppelganger Maze
1920100,0.7191321010201749,Backfirewall_
1930640,0.7185413578737481,Lost2
1748230,0.7131708807723133,RESTLESS SOUL
1891620,0.7126801847307067,Lempo
1925320,0.7123704685287241,Escape Memoirs: Mansion Heist
1850570,0.7120670912825076,DEATH STRANDING DIRECTOR'S CUT
1987080,0.7093474083427169,Inside the Backrooms
1896880,0.7080539184770024,Dungeons of Dreadrock
1771980,0.7071326794471701,The Operator
1783800,0.7065087458584779,Crossroad OS
1790490,0.7039620248584773,Regular Factory: Escape Room
1889740,0.7032066962405336,Paper Trail
1903620,0.7030555826747509,Killer Frequency
1814170,0.700881811837251,Lingo
1861440,0.7001552661238505,CLeM
1767840,0.6995637020981298,hOrnyWars
1917550,0.6987673400513674,The Renovator: Origins
1785420,0.6965607897434402,Orten Was The Case
1859280,0.6961503739365761,7 Days to End with You
1972470,0.695162506522587,Under Contract
1871510,0.6951235235415839,Within Skerry
1750710,0.6950186570420364,Boxville
1777830,0.694835037324803,Midnight: Submersion - Nightmare Horror Story
1847120,0.6919826937978805,11F
1995880,0.6913867670170107,Afterdream
1972820,0.6912884133887767,Suicide Guy Deluxe Plus
1939970,0.6911687246933941,Nobody Wants to Die
1731070,0.6906096034857696,Asterigos: Curse of the Stars
1886070,0.6904352661302636,USAC: Code Breach
1720090,0.6890118029267357,Aspire: Ina's Tale
1927720,0.6835987946185439,Monument Valley: Panoramic Edition
1797300,0.6821818169265301,Void's Calling ep. 2
1924400,0.6815282078455505,Hand of Doom
1888070,0.6809535045879366,Drain Mansion
1967430,0.6809520541113194,Ghost Trick: Phantom Detective
1966070,0.6808855342905852,～Daydream～When butterflies dance
1730590,0.6800937120548153,The Entropy Centre
1985610,0.680033380901651,Nympho's Path
1761780,0.6794250373765238,Creepy Tale 3: Ingrid Penance
1959350,0.6793512254235111,Homebody
1890520,0.6791715179834328,Tide Up
1853410,0.6788143195534215,The Shape of Things
1931770,0.6770013852226013,Chants of Sennaar
1897110,0.6736573349421324,Edge of Sanity
1817470,0.6732814041914019,An Outcry
1983220,0.6729479791139974,Ugly
1878570,0.6725591187487479,Immortal Mantis
1755030,0.6723797382949442,Mothmen 1966
1801110,0.6705618520076677,BOKURA
1812370,0.670131888308337,Little Goody Two Shoes
1885110,0.6700505933845289,Cryptmaster
1770390,0.6697308232417465,Bound by Love
1797930,0.6693420697639203,Para Eyes
1740680,0.6690788941270653,Voodoo Detective
1760330,0.6686958833483964,Noreya: The Gold Project
1803600,0.6670541932428663,Gone Rogue
1892420,0.6666516985186329,The Bunny Graveyard
1748620,0.6656087160304812,FlipWitch - Forbidden Sex Hex
1833490,0.6652134236444821,GOODBYE WORLD
1824960,0.6640135915771602,Propagation: Paradise Hotel
1726400,0.6637538999751814,The Death | Thần Trùng
1768780,0.6624026841974426,Of Blades & Tails
1977110,0.6595342360997684,Line Path
1940040,0.6593023580172059,The Price Of Flesh
1987980,0.6588196041621902,Fatal Countdown - immoral List of Desires
1942110,0.6587630873715815,Bootstrap Island
1991980,0.6570292533757474,Mystic Academy: Escape Room
1984190,0.6567899003811295,Genopanic
1968630,0.6565041649281599,Stories from the Outbreak
1789470,0.6564545077297249,Monster Girl's Labyrinth
1964360,0.6564201827480977,Sexy Mystic Survivors
1874720,0.655344022399628,Elf World Adventure: Part 1
1770600,0.655071325501523,Long and Hard... Summer!
1740720,0.6550430877512057,Have a Nice Death
1764390,0.6537591060471203,BAD END THEATER
1780370,0.6517682400046863,Mr. Rainer's Solve-It Service
1921900,0.6515319721600128,The Testing Chamber
1959530,0.6515202706870188,Extra Case: My Girlfriend's Secrets
1949030,0.6510131044618094,Sherlock Holmes The Awakened
1830720,0.6507481337614242,MOTHERED - A ROLE-PLAYING HORROR GAME
1755880,0.6506449807845435,Island of Lust
1899060,0.649915076995197,Pocket Mirror ~ GoldenerTraum
1914970,0.6498715571469706,"Help Me Remember, Satori-sama!"
1883260,0.6498322361034323,Little Noah: Scion of Paradise
1960920,0.6497282065076048,Zetria
1742930,0.6496573616399071,Looking Up I See Only A Ceiling
1790370,0.649396290978658,Rogue AI Simulator
1961300,0.6493681122207027,Is Simon There?
1868180,0.6491721320877514,Etrian Odyssey HD
1755100,0.6489595386213609,The Last Clockwinder
1916850,0.6484323770793581,Doomed to Hell
1990260,0.6482091220224742,Phantom Tentacle
1720560,0.6479940499264448,Neko Hentai Girl
1902300,0.6478382156131662,DROP - System Breach
1939160,0.6470891931151489,Shadows Over Loathing
1733500,0.6468167845528623,Looking for Aliens
1785120,0.6467813563624585,Forsake: Urban horror
1778270,0.6464555702756625,Dark Secrets of Showbiz
1907000,0.646439054765464,Gloomgrave
1959390,0.6464278066134658,Fear the Spotlight
1829420,0.6461916496557782,Before The Night
1737100,0.6458022985264542,Treasure of Nadia
1812090,0.6449845721214965,Escape Academy
1921980,0.644595584374176,Between Horizons
1786790,0.6440500617239785,Magical Girl Celesphonia
1868020,0.643762613294643,Maid of the Dead
1766390,0.643527315514936,FORWARD: Escape the Fold - Ultimate Edition
1944430,0.642906163995014,Amnesia: The Bunker
1889040,0.6428355812824151,Birth
1970580,0.6416973522935057,Backpack Hero
1895820,0.6411356141489315,Greedventory
1769170,0.6408088422104647,Shattered Pixel Dungeon
1975280,0.640751152113554,Between Two Worlds
1906830,0.6407426624109781,While the Iron's Hot
1740300,0.6400592469994325,Smushi Come Home
1724320,0.6399293399373199,Noelle Does Her Best!
1807090,0.6393268010036167,Wantless : Solace at World’s End
1848270,0.639291449451042,Lifeform Zero
1889640,0.6391525764338448,The Backrooms: Survival
1898500,0.6391071712412875,Worldless
1903730,0.6387403004315252,IT Simulator
1718570,0.6387170718212029,ASTLIBRA Revision
1968840,0.6385644232851392,Scarlet Maiden
1971770,0.6385068624699026,Wandering in Space VR
1866320,0.6383400194503971,Baladins
1801470,0.6383006043140718,Devil's Dungeon
1805130,0.6381323870976913,Komorebi
1773700,0.6377697408955371,Hack and Slime
1933650,0.6377525326381484,The Imperial Gatekeeper
1924360,0.6371167463484975,Lil' Guardsman
1854970,0.6366204821320817,MILF HUNTER
1768640,0.636506943730329,Leap of Faith
1926620,0.6359649597778511,The Backrooms: Lost Tape
1850270,0.6354910093157962,Dream Hacker
1727210,0.6354396011447687,MINDHACK
1881120,0.6353351082952626,Titan Station
1818690,0.6347479918990961,Grindstone
1829620,0.6345282355417031,Late Bird
1951940,0.6342697931103174,Eschaton
1983260,0.634210163454389,Dungeons of Hinterberg
1741640,0.6341075378642508,Shadows of Forbidden Gods
1936360,0.6340143224580289,Escape From Mandrillia: Local Asymmetric VR vs PC
1871310,0.6336998895767549,Hook 2
1961950,0.6336399734732155,CHAOS;HEAD NOAH
1787160,0.6332154623085479,Cupid Nonogram
1727180,0.6331734809988588,NeverAwake
1828690,0.6329875927703333,Security Booth: Director's Cut
1986230,0.632764632849519,What if your girl was a frog?
1945260,0.6326193297658174,Jelly Express
1837220,0.6317904879549414,Psalm 5:9-13
1946430,0.6315431133426019,Garage: Bad Dream Adventure
1805200,0.6315056813012694,Shirone: the Dragon Girl
1715980,0.6307600715632286,Bail or Jail(OBAKEIDORO!)
1927740,0.6302814307426365,Monument Valley 2: Panoramic Edition
1919140,0.6301816804956083,Antioch: Scarlet Bay
1748300,0.6293384128673778,Dear Monster
1895890,0.6287597608095936,9 Childs Street
1737340,0.6286766724940887,Noobs Want to Live
1724000,0.6285659953705517,Time Lock VR 2
1785000,0.6283760624818958,Mokoko X
1949190,0.6283687048880809,Necrosmith
1814010,0.6283117270609697,Stuck In Time
1949980,0.628108990899938,FILF
1787500,0.6278683755525122,山：临界幸存者
1983970,0.6275605192414154,Affogato
1840610,0.6272942626055393,Apocalyptic Vibes
1911360,0.6268966676702908,Trinity Fusion
1985960,0.6267789337885475,Ogu and the Secret Forest
1735950,0.6265744602391852,Paper Bride
1783680,0.626008087917284,Thalassa: Edge of the Abyss
1737870,0.6254140115534816,REKA
1949000,0.6253667682614885,Catgirls From My Sweet Dream
1725440,0.6251158134575825,House of Rules
1865670,0.6249711597854509,Gensokyo Odyssey
1973580,0.6247949168055125,Once a Porn a Time
1952370,0.62467522378685,Oblivion Override
1893370,0.6246731819184871,GHOSTWARE: Arena of the Dead
1717090,0.6245230568987704,Into the Necrovale
1955110,0.6244716435152727,Star Stuff
1851730,0.6244342889475974,Meow Express
1720850,0.6239791039428946,A=B
1945230,0.6236360911664675,Diablo The Abyss
1938850,0.6235061598293609,Temp Zero
1850550,0.6231362296657171,I'm on Observation Duty 5
1975180,0.6230386692076917,The Night of the Scissors
1875950,0.6228950385304328,Gilded Shadows
1768470,0.6227911831414195,The Heroes Around Me
1857650,0.6227149351905034,DEEP FOG
1902710,0.6222006766060568,Weird RPG
1876560,0.6219331938959087,Save the Reactor
1867530,0.6219228940395736,Solar Ash
1745480,0.6215020801515198,Phantom Project
1734320,0.6212678752256284,Brutal Orchestra
1975670,0.6211427299205993,White Lavender
1929870,0.6210926120678003,Nomad Survival
1903910,0.620843776038934,Slave Zero X
1985930,0.6204222821505513,The Backrooms 1998 - Found Footage Survival Horror Game
1990590,0.620413015293856,Nightmare Hunter
1910600,0.6195625460258836,ONE BTN BOSSES
1826910,0.6195283025847192,Please Subscribe
1745170,0.6193277625927414,Primitier
1865060,0.6191434672106565,14 Minesweeper Variants
1958220,0.6187891052240729,WitchSpring R
1966220,0.618654262434981,Pampas & Selene: The Maze of Demons
1812560,0.6186329453000085,SUPER CRAZY RHYTHM CASTLE
1918450,0.6185841084551276,HunterX
1760240,0.6178504295810776,Skator Gator
1842730,0.6176207747161677,Nightmare: The Lunatic
1789090,0.6175275552090915,Hello Goodboy
1718130,0.6168648211111949,SCP: Secret Files
1840350,0.6166271622955748,Koi-Koi VR: Love Blossoms
1750200,0.6162544653721179,Sex and the Furry Titty 2: Sins of the City
1922060,0.6159713984256661,BrVR Backrooms Virtual Reality
1887840,0.6156052349105713,Another Crab's Treasure
1801650,0.6155898124714256,Lost: Find
1957230,0.6152836585267133,Employee of The Month
1966900,0.6152425389745136,20 Minutes Till Dawn
1745510,0.6151202238203277,Lunacid
1731520,0.6150378120625986,Ark Mobius: Censored Edition
1924140,0.6150147586681969,ISEKAI FRONTLINE
1736550,0.6149180423775987,Deflector
1916290,0.614915571896237,One Night With Stalin
1720160,0.6147795921023972,旅者 Travelers
1893810,0.6145174517419196,Solium Infernum
1892790,0.6144847052827737,Polimines
1723260,0.61438168622528,CaseCracker
1837650,0.6142853118868467,Chicken Journey
1772060,0.6141374211480446,Mirages
1901370,0.6139353076710811,Ib
1986010,0.6138562623528894,灵墟
1954200,0.6137701889701118,Kena: Bridge of Spirits
1962890,0.6137158963000265,IN HEAT: Lustful Nights
1866880,0.6137111847431034,Cultivation Story: Reincarnation
1969060,0.6129333249426685,Path of the Midnight Sun
1989270,0.6127041137298093,Slay the Princess
1804170,0.6124299467629329,Mimicry
1835870,0.6122158203510196,The Black Cat Magician
1717770,0.6120511089309123,The Upturned
1958390,0.6117195687491986,Innocence Or Money Season 1 - Episodes 1 to 3
1754460,0.6116344629385329,QUESTER
1923790,0.6114871875038345,Linelith
1938630,0.6113133724827647,Training Lucie
1733250,0.6112092029121757,Turbo Kid
1942010,0.6111558727860258,Vengeful Guardian: Moonrider
1768920,0.611114299295813,Splatter
1958340,0.6111024711322383,Cube Chaos
1846460,0.6110618297499852,Burnhouse Lane
1724050,0.6108729595959923,Furry Shades of Gay 2: A Shade Gayer
1763050,0.6102158604816397,Fears to Fathom - Norwood Hitchhike
1880710,0.6101525384038392,Tuition Academia
1850510,0.6100551988578419,TRIANGLE STRATEGY
1979440,0.610003395554516,SAND LAND
1732740,0.6096468979375894,Sakura Hime
1859360,0.6093986769340726,Dungeon Village
1984610,0.6090894505023122,Barbaria
1958860,0.6088555674197488,Otoko Cross: Pretty Boys Klondike Solitaire
1808680,0.6088270600979799,Snufkin: Melody of Moominvalley
1843470,0.6087603340937088,Dungeon Dreams 2
1783280,0.6084430090372556,Ghostlore
1836120,0.6083177908816776,QUICKERFLAK
1783360,0.608202688303642,Meg's Monster
1845670,0.6081428831898621,Islands of the Caliph
1763030,0.607756548673835,Master Key
1806700,0.6074214472986444,Monster Girl Manager
1858500,0.6072952878125893,Tales From The Unending Void: Season 1
1949010,0.6070446791330476,Room 301 NO.6
1995870,0.6066841366978599,Pixel Survivors : Roguelike
1807080,0.6064869926282983,Ghost Exile
1766100,0.6064037950474213,The Last Hero of Nostalgaia
1732180,0.606242101263323,Kaiju Princess
1872860,0.6059619645473047,Conrad Stevenson's Paranormal P.I.
1978010,0.605580572200588,Red Valley
1775530,0.6052296026466584,Artemis: Book One
1867740,0.6050470690281412,Like Dreamer
1848710,0.6048825605399001,Ninja Soul
1890740,0.604871711601775,Voice of Cards: The Beasts of Burden
1839510,0.604455638076015,RPG Time: The Legend of Wright
1946550,0.6043960091443551,Toilet Chronicles
1920400,0.603579922316426,Bunny Girl Story
1721530,0.6035079561469786,The Captain
1967630,0.6033857828285745,Survival: Fountain of Youth
1778330,0.6033170654924281,Succubus Girl
1813820,0.6032969403273667,Didnapper 2
1971650,0.6029135256818194,OCTOPATH TRAVELER II
1796180,0.6027497830950742,Peculiar Tales of Mid-Lake Pavilion
1743080,0.6026562176824098,Night Cascades
1920480,0.602267017802792,River City Girls 2
1944570,0.6020833677007386,Boneraiser Minions
1793250,0.6016076456839757,Take Me To The Dungeon!!
1736630,0.6015973328153024,Minesweeper Ultimate
1879380,0.6014189044929809,Paper Bride 2 Zangling Village
1967510,0.601023745422859,Railbound
1727000,0.6006257915161727,YuuYuu Jiteki no Yuukarin
1972410,0.6005074125331048,Siege of Dungeon
1861970,0.6000927482463602,Mister Furry
1807930,0.5998402399161666,Railway Islands - Puzzle
1865930,0.599838768503137,Space Prison
1966720,0.5998069863621194,Lethal Company
1853760,0.5996246234646869,Frogmonster
1866180,0.599533469070028,Hooked on You: A Dead by Daylight Dating Sim™
1766740,0.5994517480740141,Choo-Choo Charles
1895350,0.5994154864267416,I Wani Hug that Gator!
1955330,0.5993422420129376,Save Room - Organization Puzzle
1772830,0.5989933065219816,Rusted Moss
1724770,0.5987722666429798,Castle Of Alchemists
1767220,0.5982682180619074,The Kids We Were
1745310,0.5979667967360784,Idol Hands
1970060,0.5977089023472825,Tomboy Adventure
1788850,0.5975592160263292,你已经猜到结局了吗
1894080,0.5975126151127568,I got a millenary cat
1941410,0.5973654335768273,The Cub
1715590,0.5971684458426542,Wizordum
1899810,0.5970049266030284,Dread X Collection 5
1813430,0.596855971627619,Beat Banger
1860860,0.5967606656685553,Flower girl 2
1752250,0.5967001124402415,How To Bathe Your Cat
1785300,0.5966656670191448,Saint Maker - Horror Visual Novel
1955830,0.5966404522262201,Touhou Hero of Ice Fairy
1794780,0.5966107640041578,SiNiSistar Lite Version
1718910,0.5966067906349246,Prose & Codes
1819460,0.5964080586854096,Mika and The Witch's Mountain
1744330,0.5963697645187538,No More Heroes 3
1812060,0.5963603669807032,Yokai Art: Night Parade of One Hundred Demons
1811990,0.5961291694556548,Wildfrost
1925010,0.5960905203440999,Rich Lady's Slave Role Play
1953540,0.5956554610547834,Furry Shades of Gay 3: Still Gayer
1841250,0.5956250475427177,Hard Times at Sequoia State Park
1781260,0.595288665674996,Promenade
1854250,0.5952077716745833,Demon Speakeasy
1810820,0.5951703318958044,Etrian Odyssey III HD
1825210,0.594690289810851,DESTRUCTURE: Among Debris
1861290,0.5942989761432248,Devil Spire
1883800,0.5942687970441043,The Magical Mixture Mill
1724190,0.5940472187840444,Come Home
1715730,0.5938635974512488,Boo Men
1719310,0.5937684565141151,Love Sucks: Night Two
1802980,0.5934437314039409,Yihongyuan
1909810,0.5931465449006819,Seventh Lair
1833300,0.5924616799222895,Epics of Distant Realm: Holy Return
1882040,0.5924223320996395,Craft Hero
1919460,0.5922044746603728,Seraph's Last Stand
1952930,0.5921834728912718,Soul Wargame
1983000,0.5917243787499351,HAYAI
1974520,0.5916900875901707,Dusk Pub
1840490,0.5914973422596547,Christmas Massacre
1909770,0.5914894490985964,Aim Climb
1788780,0.5913485520611531,VenusBlood HOLLOW International
1770400,0.5909440843875766,Re:BF
1870310,0.5907028698759704,Doomsday Robot Girl
1948280,0.5904137232647523,Stacklands
1988550,0.5900032960508405,To The Core
1843110,0.5899554849805122,Makis Adventure
1851610,0.5897468876862721,River Tails: Stronger Together
1730360,0.5896414079229921,I'm on Observation Duty 4
1929610,0.5895922819016047,Demonologist
1991300,0.5895726681398595,Closer the Distance
1968730,0.5895518506110656,Bounty of One
1726760,0.5890266829884928,Curse Crackers: For Whom the Belle Toils
1913490,0.5889928160445138,Adorable Witch 3
1715690,0.5888431985324873,REKKR: Sunken Land
1850740,0.588719412388003,Ghost Watchers
1846020,0.5887160530775704,10 Seconds to Win!
1932680,0.5884026972309203,LunarLux
1937750,0.5883189649895608,Prime of Flames
1802870,0.5880424752416943,Secret Pie (Adult Version)
1913420,0.5879939507807853,Fantasy of Caocao 2
1883090,0.5878793404410436,The Symbiant
1808780,0.58780302594144,祖玛少女/Zuma Girls
1918040,0.5877995154884278,Army of Ruin
1765150,0.5877783919901314,Monkey King Simulator -- Chapter Huaguo Mountain
1735700,0.5877140145014701,Back to the Dawn
1726190,0.5876969913562001,No Straight Roads: Encore Edition
1876590,0.5869429138445194,I Am Your Beast
1933740,0.5869107292230084,The Caligula Effect 2
1839820,0.5868033400289109,Never Mourn
1920540,0.5867931798880769,Dreamin' Her - 僕は、彼女の夢を見る。-
1909420,0.5866348364270603,Tinyfolks
1956600,0.5864254083769681,Yusetsu
1983270,0.5860183299163355,The Days Without Gods
1898610,0.5855987058543073,Hands of Necromancy
1817800,0.5854366798987178,Oddsparks: An Automation Adventure
1834820,0.5853947347742637,First Bite
1904790,0.5853105309889873,Agatha Christie - Murder on the Orient Express
1815230,0.5850307999574865,Summum Aeterna
1931010,0.5849051635435676,Spirittea
1853830,0.5848295559851208,A Shot in the Dark
1802850,0.5847506951787187,Yes My Lord
1902850,0.5846180789059523,Dreams in the Witch House
1916270,0.5845526370775477,Deliverance
1986880,0.5843274111261837,Growing My Grandpa!
1897650,0.5843160597606799,Dream Tactics
1849820,0.5842802019505569,Telepath Tactics Liberated
1849310,0.5841997569480809,天天地下城
1986840,0.5840788318712412,POPGOES Arcade
1849570,0.5838845694166056,恋~一些小清新的猎奇故事~
1854980,0.5837684925507679,Madohi Shiroki no Kamikakushi
1746030,0.583741642424396,Murders on the Yangtze River
1846170,0.5835942909597058,Iron Lung
1934030,0.5834381455041017,Virtua Unlimited Project
1866630,0.5830947147833431,Throne of Bone
1973320,0.5828248474710436,Road Defense: Outsiders
1830910,0.5826366819619916,Cow Girls
1735980,0.5825681088863862,Love Flute
1747760,0.5819534129816681,Momodora: Moonlit Farewell
1729300,0.5818912068812664,PlayForm: Human Dynamics
1910860,0.5816019481187072,Grimlord
1801660,0.581486871915887,未来战士
1964200,0.581000925042432,Phantom Rose 2 Sapphire
1815570,0.580875144783997,Aces & Adventures
1957990,0.580582936832535,Tile Cities
1918130,0.5803405763686368,Grim Quest - Old School RPG
1968710,0.5802104381421608,MEATGRINDER
1945220,0.5800562769605141,Rhythm Journey
1820940,0.5798954594371306,Hitler Loves Anime
1810960,0.579879846172249,Andy's Apple Farm
1837230,0.5798463911246806,Jerez's Arena Ⅱ
1794470,0.5789606672006221,MILFs of Sunville - Season 1
1950450,0.5786999374583914,Loop Queen-Escape Dungeon 3
1765560,0.5786741030852615,Pill Baby
1961520,0.5783755204722951,FIND ALL 3: Travel
1901340,0.5781197638940502,Ero Manager
1968320,0.5780339125314962,Relapse
1786010,0.5767510153817355,AETHERIS
1783110,0.5762707871159175,Chasing Sunsets
1759350,0.57606181408751,Space Trash Scavenger
1731200,0.5758126406584688,TRATRITLE
1847510,0.5756809478643227,Boba Simulator : Idle Shop Management
1750770,0.5756647237152496,Starcom: Unknown Space
1886830,0.575595094720925,The Legend of The Sacred Stone EX
1885750,0.5755292045494544,Betrayal At Club Low
1931020,0.5753458902776601,Slayers X: Terminal Aftermath: Vengance of the Slayer
1851280,0.5749102704388631,Samurai Bringer
1960270,0.5748395709360886,Lootun
1956370,0.5747093646719141,WTF Do You Know?
1961370,0.5746222415715861,Blue Oak Bridge
1721870,0.5745872330176404,Neon Sundown
1759380,0.5740531888556065,Bandle Tale: A League of Legends Story
1874490,0.5740472396650185,Potionomics
1863080,0.5738574740588374,Beat Invaders
1732390,0.5736782917178356,Nayuta no Kiseki: KAI
1732050,0.5736427896267932,Love Season
1948980,0.5734443653552359,Hero's Adventure: Road to Passion
1768650,0.573353091340931,Path of the Abyss
1912750,0.5733286386367077,Terra Memoria
1985680,0.573027891066422,CHARMING HEART
1960900,0.5725887871503527,Judero
1941840,0.5725211328751568,Otoko Cross: Pretty Boys Mahjong Solitaire
1792250,0.5724755312789802,Serious Sam: Siberian Mayhem
1985420,0.572401011924086,This is a Ghost
1920780,0.5723134850519466,Stray Gods: The Roleplaying Musical
1863290,0.5722725196139127,SpunkStock: Music Festival
1732330,0.5720477055046793,Ys IX -Monstrum NOX-
1977170,0.5719389619837457,Jusant
1823930,0.5718831027238295,Wavetale
1734680,0.5718705812519674,INCISION
1834870,0.5715433307381051,Lily's Well
1929900,0.5712279170732355,Touhou: Dreamland of Infinity
1920660,0.5710891768025873,YiYi
1796790,0.5710773070281546,Chef RPG
1827450,0.5704656153337401,Champion of Venus
1865010,0.5704520499411303,HG Adventure
1769320,0.5703354480393403,Athanasy
1777390,0.5702541991802575,Robolife2 - Nova Duty
1747050,0.5699346643085782,Sam & Max: Beyond Time and Space
1730250,0.5695572967936918,Pan'orama
1951230,0.5694612721260862,Pizza Possum
1962430,0.5693546540314234,Monochrome Mobius: Rights and Wrongs Forgotten
1866430,0.569353054663722,Rhapsody: A Musical Adventure
1843760,0.5690559746343566,Rogue Tower
1748610,0.5690399134594044,Evil God Korone
1831830,0.5688451814742317,Chessarama
1860760,0.5687927033385775,SUKEBE BLOCKS
1970020,0.5686817945040162,Touhou Fairy Knockout ~ One fairy to rule them all
1924780,0.5685718990169771,Arzette: The Jewel of Faramore
1939560,0.5684125695809273,镇邪
1984790,0.5683822184654502,Drago Noka
1727520,0.568354263533698,Yamafuda! 2nd station
1970460,0.5683354176897623,Garden Galaxy
1721470,0.5681440690277155,Poppy Playtime
1757490,0.5679009894185615,Waifu Fighter
1731260,0.5675764886169323,Sketch Crawler
1863670,0.567352708401423,Mystwood Manor
1779180,0.5671986865351318,Knight's Try
1717570,0.5667205011922467,Pompom
1800790,0.5665132570352697,Father's Day
1859270,0.5659741862847267,Perfect Partner
1771700,0.5658964041338903,Vaygren - Lustful Temptation
1972440,0.5655933121040942,Shotgun King: The Final Checkmate
1849000,0.565310429238848,SEX with HITLER
1781350,0.5649816188652383,Fireboy & Watergirl: Fairy Tales
1918520,0.5646968823618504,Ninja Village
1820060,0.5642420087269376,My University Girlfriend
1897120,0.5639989560325144,Happiness Double Room
1883840,0.563744075139659,Ocean Punk
1935660,0.5632316225167807,Chop Goblins
1762480,0.5628370887873015,Karisvale
1929360,0.5627915619403422,Tumbleweed Destiny
1817000,0.5626779827648859,Zodiacats
1824080,0.5624739908541639,LUL inc.
1772050,0.5620386358075489,Souls of White Star
1836860,0.5618256060202437,Neptunia x SENRAN KAGURA: Ninja Wars
1954640,0.5617907941172314,真空战姬
1981500,0.5617880124087268,Archmage Ricka
1965800,0.5615950954642507,Dice Tribes: Ambitions
1777430,0.5607129900988932,恋爱绮谭 不存在的真相
1872790,0.5606025095205577,Luckitown
1978590,0.5605414088202448,Anger Foot
1880330,0.5603770554848336,Sanfu
1952910,0.5594771279957766,Social Moth
1822450,0.5592686481412945,The Slaverian Trucker
1990110,0.5592543257488779,SpellRogue
1805930,0.559166914341985,Pumpkin Eater
1950440,0.5590269229755214,Mage and Monsters
1835240,0.559008142929936,Spiritfall
1960590,0.5589473779230114,I Am Sakuya: Touhou FPS Game
1843090,0.5583676826294939,[Chilla's Art] The Closing Shift | 閉店事件
1722760,0.5577709491627191,My Singing Monsters Playground
1929420,0.5575708267546416,Hentai Mission Ukraine
1866980,0.5573636167161782,Worlds of Aria
1826860,0.5573190656726339,Sewer Rave
1857580,0.5572866878170166,Get Achievements for Achievements
1722020,0.5571504652032655,Old Coin Pusher Friends
1954750,0.5569816942203797,Acquitted
1808900,0.5569627636472374,GRAND CROSS: ReNOVATION
1766010,0.5568346901979934,Force Reboot
1838290,0.5565393670592454,LOUD: My Road to Fame
1835810,0.5565210705532599,Amelie
1921770,0.5562632783479097,The Manga Works
1993180,0.5562335986960096,Quilts and Cats of Calico
1895860,0.5557124049931181,Monster Girls and the Mysterious Adventure 2
1818280,0.5552957620923631,KallaX
1888060,0.5552311983172901,雪凤山 Secret Opera
1804270,0.5550724253622297,Swordship
1796870,0.5548948325109849,SHINOBI NON GRATA
1989070,0.5546318612415616,Synergy
1843730,0.554554250424121,Last Group Out
1817230,0.5542767831147171,Hi-Fi RUSH
1825930,0.5539795020890858,孤岛海妖 The Sea-demon
1766720,0.5538317768538135,Outlanders
1944060,0.5532041796115034,Super Alloy Ranger
1745790,0.5530566522695047,City Zoomer
1950570,0.5527607323233513,Tales from Toyotoki: Arrival of the Witch (The witch of the Ihanashi)
1882240,0.5526428747427983,Forgotten Realms: The Archives - Collection One
1733110,0.5519623858400994,Of Life and Land
1885540,0.5519140571535589,SEARCH ALL - CATS
1888160,0.5511577543916505,ARMORED CORE™ VI FIRES OF RUBICON™
1771070,0.5510448217690529,Midnight Scenes: The Nanny
1789490,0.5507580250281223,"Love, Ghostie"
1955230,0.5507563397655452,Penny’s Big Breakaway
1726750,0.5504891239380906,Hidden Cats in Santa's Realm
1892950,0.5502391287660886,The Golden Rose: Book One
1722520,0.5498036507060612,FIND ALL 2: Middle Ages
1889930,0.549716292982328,Baldur's Gate: Dark Alliance II
1983710,0.5492503973218701,Dungeon Village 2
1847240,0.5485781211907848,Game Dev Story
1830970,0.5481585824091955,The Last Flame
1839930,0.5478839910061024,Lifecraft
1777000,0.5478412527737044,Cut to the Core
1758920,0.5477911588386655,Witch Explorer
1773320,0.5475639310770853,Coin Treasures
1932230,0.5474553736872501,100 hidden hares
1732060,0.547423154611812,Makai Kingdom: Reclaimed and Rebound
1811600,0.5472981391363846,Vestaria Saga II: The Sacred Sword of Silvanister
1819230,0.5467578909398312,UDONGEIN X
1917630,0.5464926438074748,索罗灵魂之戒
1836160,0.5459450518195843,PANELKI
1843940,0.5459434250605296,Brigandine The Legend of Runersia
1968430,0.5459341089075836,Camp Buddy: Scoutmaster Season
1893620,0.5455757991759166,Circadian Dice
1829470,0.5455119186085862,Melody's Escape 2
1766540,0.5453096436190422,Wonderputt Forever
1939790,0.5451674455349941,Paper Bride 3 Unresolved Love
1769420,0.544971694558453,Noble Fates
1960480,0.5448489764256259,AutoForge
1933660,0.5448036930333235,Demons Roots
1739070,0.5447984585465555,Bone's Cafe
1775490,0.5446736452237823,Slice & Dice
1836730,0.5445053732726318,Echo Point Nova
1975360,0.5444382910333516,DRAINUS
1848520,0.5438516642962697,Fruit Salad
1947070,0.5433435279330769,Broken Edge
1932160,0.5431982906492074,Neptunia: Sisters VS Sisters
1731870,0.5430361006909978,Viral Firar
1965610,0.5430170874528497,Froggie
1868170,0.5425528793029003,Etrian Odyssey II HD
1967260,0.5425324447524221,Double Dragon Gaiden: Rise Of The Dragons
1736300,0.5423622910119154,LIBLADE
1803410,0.5418495460589038,Checkmate Showdown
1787760,0.5417226715741532,Pets at Work
1888330,0.5414486190357064,Conur Life
1733060,0.5410862550227317,Ever Seen A Cat?
1822550,0.5405195608971525,Microcivilization
1767170,0.5403258911337033,Super Bullet Break
1856900,0.5400877823510413,Andro Dunos II
1740850,0.5399169296858797,角斗士学院（Gladiator School）
1756180,0.5396787988166348,CARNAGE OFFERING
1802720,0.5393052198276368,Sixtar Gate: STARTRAIL
1961160,0.5392812832764312,Cats Love Boxes
1800940,0.539069374412088,The Enjenir
1725640,0.5390609032389575,Sudocats
1718160,0.538812352448057,Crimzon Clover World EXplosion
1990900,0.5385852038379028,方境战记BlockFight
1749630,0.5384466633848034,Chill Corner
1779460,0.538416883743612,My Name is Mayo 3
1878740,0.5377176612630273,Five Nights At Floppa
1985360,0.5375765793696509,Cute Cats 3
1842690,0.5375474562386766,Station Manager
1896170,0.5375278970614881,Prince of Suburbia - Part 1
1730260,0.537496854415712,Retro Gadgets
1915510,0.5373066138455296,Yao-Guai Hunter
1829980,0.5370123316452668,Café Stella and the Reaper's Butterflies
1931690,0.5365505342728147,Azure Striker GUNVOLT 3
1879640,0.5363806712597696,甜點王子2 典藏版
1885030,0.5363051973569389,Queen of the flies 蝇后
1750740,0.5360756407120947,战棋三国英雄
1823710,0.5353287753410094,Hot Springs Story
1972710,0.5348654102639437,Ever Seen A Cat? 2
1856480,0.5344882121147424,KamiYaba: Destiny on a Dicey Deadline
1969080,0.5340812267418958,A Building Full of Cats
1839880,0.5335227266793207,King Of The Castle
1811740,0.5331431247253784,The Plague Doctor of Wippra
1917920,0.5327742930309923,Polda 7
1793030,0.5326788715080968,Romancing SaGa -Minstrel Song- Remastered
1743850,0.531928817061994,HYPER DEMON
1922560,0.5317241296467864,Plants vs. Zombies™ Garden Warfare 2: Deluxe Edition
1981820,0.531494117798777,Strike Force Heroes
1751630,0.5312017389192116,Hello Lady! - Complete Edition
1817070,0.530885998890346,Marvel’s Spider-Man Remastered
1848960,0.5306713698225735,Medieval Fantasy Survival Simulator
1747830,0.5303694238219918,Blossom Tales II: The Minotaur Prince
1944240,0.5302824526458231,Touch Some Grass
1918300,0.5302301842189874,Fishing Vacation
1898290,0.5301870990111147,LEGO® Bricktales
1832950,0.5300071612583768,One More Gate : A Wakfu Legend
1827940,0.5297656470789476,Last Lovers 绿洲之爱
1823950,0.5294160401407664,Laysara: Summit Kingdom
1859290,0.5291255427288969,Crypto Miner Tycoon Simulator
1837330,0.529028976021098,Gibbon: Beyond the Trees
1768880,0.5284088888793625,KAMIMAHOU 神之国的魔法使
1784780,0.5283283914764733,Hero of the Kingdom: The Lost Tales 2
1894720,0.5280976948131446,Motordoom
1919550,0.5280199907113439,Hidden Cats in Paris
1937720,0.5278813982485828,Kamifuda
1768280,0.5277623342012665,Ozymandias: Bronze Age Empire Sim
1921740,0.5273859307803885,CRAYON SHINCHAN The Storm Called! FLAMING KASUKABE RUNNER!!
1781030,0.526029463906481,Fishing Paradiso
1875060,0.5253045865405204,Reus 2
1730700,0.5249629026868753,We Love Katamari REROLL+ Royal Reverie
1843540,0.5248603510062354,Akimbot
1733170,0.5245918076834027,Killing Time: Resurrected
1928540,0.5242407833993594,Horticular
1917450,0.5237697091308791,fault - StP - LIGHTKRAVTE
1988540,0.5237282740251374,The Zachtronics Solitaire Collection
1722840,0.523725938578137,Everdell
1716120,0.5229030900236761,Monster Rancher 1 & 2 DX
1829650,0.5225826351709452,Sekai to Sekai no Mannaka de
1814710,0.5225202887587355,Cute Dogs
1785150,0.5220801657718428,Friends vs Friends
1724140,0.5219357821639323,Craftomation 101: Programming & Craft
1906020,0.5214384344765265,Drums Rock
1863750,0.5214017259861469,挂机神话
1805480,0.5213740004850183,Like a Dragon: Ishin!
1862520,0.521366560871335,Just Go
1993150,0.5210801251904073,轮回修仙路
1761390,0.5210178892342975,Hatsune Miku: Project DIVA Mega Mix+
1850960,0.520384977258548,The Jackbox Party Pack 9
1932570,0.5201653535128862,Jaded
1786670,0.5199328290226128,仙绣剑缘录
1942120,0.5192096093800906,The Complex: Found Footage
1779560,0.5182673734818372,Donut Dodo
1956800,0.5180431085836151,Thriving City: Song
1882280,0.5179537070902557,Forgotten Realms: The Archives - Collection Two
1832050,0.5178307490690789,All Quiet Roads
1895880,0.5177105092288874,Ratchet & Clank: Rift Apart
1885690,0.5170763064524998,Virtual Circuit Board
1922010,0.51691611976501,Breachers™
1856030,0.5165330674009876,Fresh Start Cleaning Simulator
1787860,0.5157644201962451,Crawlspace
1896700,0.5155909316564855,Wylde Flowers
1983990,0.5154289257616913,Nexus 5X
1961760,0.5152033370178399,My Girlfriend’s Special Place
1990050,0.5151122444860502,Creature Creator
1766790,0.5148822935195,100 hidden birds 2
1846630,0.5146842543834863,花都之恋
1976230,0.5145919263143502,Outnumbered
1902650,0.5143170133848372,Come See My Hole
1811500,0.5141777027496959,LOOPERS
1947530,0.5138380833698826,Fidget Spinner RPG
1755350,0.5137354204090366,BBQ Simulator: The Squad
1778210,0.5136595691958841,King Boo
1910680,0.5132898920409784,Orb of Creation
1960830,0.5131651843476922,Tamayura Mirai
1912340,0.5131594642217946,The Fantasy World of Mahjong Princess
1730680,0.5129006873383491,Klonoa Phantasy Reverie Series
1728830,0.5114940855214057,Space Docker VR
1939940,0.5114575681642973,Roll Player - The Board Game
1801640,0.5113420866885274,精神病大王花 Flowering Abyss
1839950,0.5104145646335079,Terminator: Dark Fate - Defiance
1931940,0.5104111301755206,Black Lily's Tale
1985810,0.5103332897437937,Call of Duty®: Black Ops Cold War
1822710,0.5100583044175713,Automon
1924910,0.5094418791958754,Dr. Chatelet: Faith 神医
1859370,0.5094128710014483,Dream House Days DX
1722870,0.5092935489747547,Clank!
1829910,0.5087947953138587,Cute Cats 2
1791790,0.5083603289206339,Fire and Steel
1828640,0.5081160519791229,IllusionCircle
1817940,0.508010431011338,Love Delivery
1890950,0.5078704809250997,REAVER
1742450,0.5076683587399135,西游记2021
1814770,0.5076041836714297,Tall Poppy
1961790,0.5073970559166392,Unlock the Feelings
1722620,0.5072636901563337,Toree 2
1825740,0.5071531836436582,Fat Baby
1963510,0.5061243171299681,Herald of Havoc
1876890,0.5060408167151468,Wandering Sword
1749350,0.505809047802969,Gobby McGobblenutz Presents: The Art of the Dad Joke: Chapter 1
1899620,0.5055896086004023,Outdoor Adventures With Marisa Kirisame
1854130,0.5055289004918584,My Boss is a Futanari
1978720,0.5048157866108689,Ultimate Ragdoll Game
1877710,0.5046043051212731,Cool Kid Cody
1978150,0.5045020285200064,Kamaeru: A Frog Refuge
1979410,0.5040420056604126,TOP DOG
1876880,0.5039723255586871,Primitive Society Simulator
1747890,0.5038202466954138,Demon Turf: Neon Splash
1901950,0.5037839287112529,Raid on Taihoku
1882500,0.5037127580163664,Cattails: Wildwood Story
1894430,0.5034331872796669,Plan B: Terraform
1740070,0.5033106840904521,Heliopedia
1742610,0.5025821046630435,Spirits of the Hellements - TD
1970160,0.5024331497933524,Cuties Hacked: Oh no someone stole my photos!
1923670,0.5022309868894721,Venture Towns
1902870,0.5019101506780638,Vertical Kingdom
1946140,0.5018336082635876,Jigsaw Puzzles Infinite
1841640,0.5016516637630057,Chardonnay Romancia
1949770,0.5012944890829,Rock Simulator 2
1715460,0.501092115134443,Touhou Hero of Ice Fairy: Prologue
1932260,0.5007474702616982,No Creeps Were Harmed TD
1819160,0.5007349153260887,Meteor World Actor: Badge & Dagger
1921760,0.500721741423908,Pocket Academy
1876730,0.5004388991508247,蔚蓝月下的回忆~SAPPHIRE MOON-FOREVER MEMORIES
1819450,0.5003638435652706,Koa and the Five Pirates of Mara
1915380,0.498631246848803,Garden Life: A Cozy Simulator
1790600,0.49862822032995646,DRAGON BALL: Sparking! ZERO
1917090,0.4985879369886492,Lights Off!
1812930,0.49846478872320965,Santhai
1911390,0.4979622457819042,Knightfall: A Daring Journey
1808130,0.4974547089078287,Mysteries Under Lake Ophelia
1874170,0.49742347332588,Shredders
1923680,0.49693436094008825,Mega Mall Story
1937500,0.49680172949315604,Let's School
1934680,0.49632221659608433,Age of Mythology: Retold
1965190,0.4961557825763936,Dragon Spirits 2
1773890,0.49585048181470615,100 hidden dogs
1903370,0.4956716056182884,daydream 白日夢
1860350,0.49529944558391414,Dream Swing
1801850,0.49444867583527885,Cats War
1883000,0.4942716928210076,HEART of CROWN Online
1811950,0.4938684085929035,The Legend of Heroes: Kuro no Kiseki
1968340,0.49358650735237686,Project Gunship
1771360,0.4933613920022153,Gerda: A Flame in Winter
1737070,0.49297472383501073,风起长安：驭骨人
1812180,0.4929729651851795,Zipp's Café
1840920,0.49266049487600305,SEARCH ALL - FOXES
1769270,0.4925198703999709,Spikair Volleyball
1775550,0.4924835128819689,Gary Grigsby's War in the East 2
1955340,0.492383302492136,Super Raft Boat Together
1798020,0.49200062605872275,Mega Man Battle Network Legacy Collection Vol. 2
1949370,0.48982699725159806,8/8/88 Needle AL
1862840,0.4894043931656866,Bash the Teacher! - Classroom Clicker
1798780,0.48909864562790994,Dimension Tripper Neptune: TOP NEP
1956960,0.4884312125047906,PUNIHI LOADER 2
1795430,0.4883094031059452,Sakura Succubus 5
1777750,0.48608556246093104,Ninki Seiyuu: How to Make a Pop Voice Actress
1732420,0.48553450424550904,Spanky!
1841390,0.48497525976873856,100 hidden fish
1859470,0.4843959310799546,PAC-MAN WORLD Re-PAC
1985050,0.48414287073693674,Field of Glory: Kingdoms
1793660,0.4840864957817297,Lost Ark Closed Technical Alpha Playtest
1882140,0.4836239462816526,Decisive Campaigns: Ardennes Offensive
1762570,0.4829667059326216,Space Reign
1846920,0.4825904590275072,Lust Academy - Season 1
1883580,0.4825210596207936,Cactus Simulator
1789650,0.4822496263683276,NEKO-MIMI SWEET HOUSEMATES Vol. 1
1916970,0.4814168711566389,Tree Simulator 2023
1778500,0.48140469102429795,Dee's Nuts
1779200,0.481061374865848,Thrive
1752150,0.4807280722797337,Slobbish Dragon Princess 2
1838970,0.48037335383866486,Crush the Castle Legacy Collection
1983690,0.4801561623780547,Forest Camp Story
1818180,0.4800685172330994,The RPG Engine
1896390,0.47963332353092203,Stickman Trenches
1763830,0.47827500529943223,My Truck Game
1811040,0.47800711887469527,South of the Circle
1980530,0.4777327908200849,Kiwi Clicker - Juiced Up
1824220,0.47744854410150617,Chivalry 2
1890120,0.4772346553303417,9-nine-:NewEpisode
1803550,0.4771964845619424,MegaFactory Titan
1870300,0.47571625714149834,SOVL: Fantasy Warfare
1771180,0.47560541482385077,No Fair Play
1924180,0.47389459034903036,Phantom Spark
1787120,0.4737345797017214,Sparkling Memories
1851910,0.47361534365466007,A Flicker of Light
1765780,0.47233378450825736,ADACA
1879330,0.4716419420660317,WARRIORS OROCHI 3 Ultimate Definitive Edition
1952760,0.4715740594259177,RGB Rush
1764700,0.47050256161623527,ふりかけ☆スペイシー
1888010,0.4681204488362778,Towards Future
1953860,0.4672327902313972,Garden In!
1735670,0.4655458225083591,rote² (roteSquare)
1944250,0.4650470344784513,Hana no No ni Saku Utakata no
1869270,0.4647634341639213,Multi Turret Academy
1798010,0.46447865958457135,Mega Man Battle Network Legacy Collection Vol. 1
1755580,0.46376380141908613,The Jackbox Party Starter
1859860,0.46374759715128433,Party Bots
1799930,0.46350994775937626,Redout 2
1972050,0.4634856788661226,Band Camp Boyfriend
1850160,0.46296127764604345,Poly Bridge 3
1829540,0.46274052819672873,Seashell
1923690,0.4620673211539441,Pocket League Story
1933820,0.4617370428359435,SGS Korean War
1739300,0.4616062587223425,Smack Studio
1949960,0.46123704213610095,Super Kiwi 64
1835060,0.45972275835380505,Christmas Celebration With Sakuya Izayoi
1719390,0.45907459557912333,Cards and Castles 2
1853200,0.4550900958760635,TYRONE vs COPS
1724440,0.45395476934483514,Epic Fantasy Battle Simulator
1807750,0.45316284774282733,封神榜2022
1921780,0.45049434373727637,The Sushi Spinnery
1878910,0.44996754047329013,WooLoop
1761290,0.449648519828191,Japanese Rail Sim: Journey to Kyoto
1719180,0.4484407841806729,Gobby McGobblenutz Presents - The Questionably Quirky Quiz Show
1892030,0.44812756372617635,Dummynation
1905530,0.4456602157448324,Hammerwatch Anniversary Edition
1933990,0.44240659090472956,Burger Bistro Story
1763510,0.44128370020792973,X8
1801230,0.441008100371614,Cemetery Mary
1966130,0.4401950593392767,Strategic Command: American Civil War
1764530,0.43898005064608714,Sailwind
1822910,0.43765874105893143,Capybara Spa
1718870,0.4357056628531133,Spaceflight Simulator
1980390,0.4345003407827859,Neighbor Fight
1952170,0.43427256950976956,Cafeteria Nipponica
1946070,0.43173528002039196,Ten Dates
1762270,0.430620520072166,Obama Boss Fight
1918530,0.42708723008819316,Pocket Stables
1919750,0.42446906173259247,Ponchoman
1754720,0.4216109434803139,英雄黄昏-文字三国志&曹贼模拟器
1933980,0.42060026431271824,Pool Slide Story
1970980,0.4178115247004499,Warlord: Britannia
1797680,0.4170875455534204,Wee Tanks!
1978100,0.41550450389465654,Grand Prix Story
1985260,0.4140182589989938,Kinkoi: Golden Time
1728660,0.4020023892230893,Rush Rally Origins
1834920,0.40170022833625985,Countryball: Europe 1890
1906230,0.4009048930471033,Thunder Helix
1921560,0.39955525778533363,Flowers -Le volume sur hiver-
1878070,0.3979889676360706,Roma Invicta
1873030,0.3974287835759811,Wolfenstein: Enemy Territory
1858750,0.3958873286942831,SpriteMancer
1803390,0.3947946853905663,Bounty: Drag Racing
1990740,0.3936023237503794,Barro GT
1861880,0.3906235339250326,Air Traffic: Greenlight
1941110,0.38986610217741446,Higurashi When They Cry Hou - Rei
1945250,0.38930171888077747,Blacktop Hoops
1748390,0.3874936622471805,Rocket Bot Royale
1977530,0.37671092979018317,One-armed cook
1860570,0.376182170134566,With You
1776970,0.3761056511835751,月に寄りそう乙女の作法
1765350,0.3689486463370213,候鸟
1986310,0.366572364862497,猎魔战纪
1767560,0.3656301800764823,Pro Cycling Manager 2022
1797610,0.36395228630970733,Barro 22
1937470,0.36269080803988474,Franchise Hockey Manager 9
1958600,0.3528060213957138,Barro F22
1902020,0.3525390505779944,Phil Alone
1881200,0.35179816255198615,TRYP FPV : The Drone Racer Simulator
1762550,0.3406651820095651,PixelOver
1757610,0.33707897216374516,Puppet Master: The Game
1915740,0.33364007077893554,Siren's Call
1895630,0.33064490197401497,VRM Posing Desktop
1904540,0.32480817596221834,Football Manager 2023
1849890,0.31367542139508764,Neko Maid
1727420,0.29864374416052053,Midinous
1864790,0.2979893543593698,1BITDRAGON
1933770,0.2916649170895046,Zoo Studio
1908870,0.26286660451072186,"""LIFE"" not found;"
1953970,0.24101108218384493,MATH EXPRESSions
1984350,0.23067333664223044,打工吧！天使酱 ~天使在魔界的劳改生活~
1758950,0.22019588323588724,Banzai Escape 2: Subterranean
